UF,PROCESSO,NOME,SUBS,FASE,AREA_HA,ULT_EVENTO,lat,lon
MG,832514/2024,3D MINERALS LTDA,MINÉRIO DE FERRO,AUTORIZAÇÃO DE PESQUISA,252.85,264 - AUT PESQ/TAH - PAGAMENTO EFETUADO EM 02/07/2026,-20.3941,-43.7151
MG,832458/2024,3D MINERALS LTDA,MANGANÊS,AUTORIZAÇÃO DE PESQUISA,70.52,264 - AUT PESQ/TAH - PAGAMENTO EFETUADO EM 05/01/2026,-19.8343,-42.9159
MG,832620/2024,3D MINERALS LTDA,MINÉRIO DE FERRO,AUTORIZAÇÃO DE PESQUISA,421.06,264 - AUT PESQ/TAH - PAGAMENTO EFETUADO EM 02/07/2026,-19.7733,-43.2176
MG,832638/2024,3D MINERALS LTDA,MINÉRIO DE FERRO,AUTORIZAÇÃO DE PESQUISA,123.7,264 - AUT PESQ/TAH - PAGAMENTO EFETUADO EM 02/07/2026,-20.4448,-43.5196
MG,832459/2024,3D MINERALS LTDA,FOSFATO,AUTORIZAÇÃO DE PESQUISA,318.58,264 - AUT PESQ/TAH - PAGAMENTO EFETUADO EM 05/01/2026,-19.3582,-47.9558
MG,832434/2024,3D MINERALS LTDA,CALCÁRIO,REQUERIMENTO DE LAVRA,840.24,2801 - REQ LAV/COMPLEMENTO REQ LAV EDITAL DISP PROTOC EM 26/11/2025,-17.2168,-44.6857
MG,832435/2024,3D MINERALS LTDA,QUARTZO,REQUERIMENTO DE LAVRA,105.75,2801 - REQ LAV/COMPLEMENTO REQ LAV EDITAL DISP PROTOC EM 26/11/2025,-21.1276,-44.196
MG,832412/2024,3D MINERALS LTDA,MINÉRIO DE LÍTIO,AUTORIZAÇÃO DE PESQUISA,1784.6,249 - AUT PESQ/TRANSF DIREITOS-CESSÃO TOTAL PROTOC EM 15/01/2026,-17.2456,-41.878
MG,832606/2024,3D MINERALS LTDA,MINÉRIO DE FERRO,AUTORIZAÇÃO DE PESQUISA,843.96,264 - AUT PESQ/TAH - PAGAMENTO EFETUADO EM 02/07/2026,-19.8218,-43.3404
MG,832603/2024,3D MINERALS LTDA,MINÉRIO DE FERRO,AUTORIZAÇÃO DE PESQUISA,674.94,264 - AUT PESQ/TAH - PAGAMENTO EFETUADO EM 02/07/2026,-20.1681,-43.899
MG,832410/2024,3D MINERALS LTDA,MINÉRIO DE LÍTIO,AUTORIZAÇÃO DE PESQUISA,1487.78,249 - AUT PESQ/TRANSF DIREITOS-CESSÃO TOTAL PROTOC EM 15/01/2026,-17.248,-42.021
MG,832480/2024,3D MINERALS LTDA,MINÉRIO DE FERRO,AUTORIZAÇÃO DE PESQUISA,999.75,264 - AUT PESQ/TAH - PAGAMENTO EFETUADO EM 05/01/2026,-19.1051,-43.0789
MG,832628/2024,3D MINERALS LTDA,MINÉRIO DE FERRO,AUTORIZAÇÃO DE PESQUISA,384.3,264 - AUT PESQ/TAH - PAGAMENTO EFETUADO EM 05/01/2026,-18.1391,-46.9537
MG,832476/2024,3D MINERALS LTDA,MINÉRIO DE FERRO,AUTORIZAÇÃO DE PESQUISA,1658.34,264 - AUT PESQ/TAH - PAGAMENTO EFETUADO EM 06/01/2026,-20.7295,-44.4316
MG,832741/2024,3D MINERALS LTDA,BAUXITA,AUTORIZAÇÃO DE PESQUISA,269.74,264 - AUT PESQ/TAH - PAGAMENTO EFETUADO EM 02/07/2026,-21.4234,-42.9113
MG,832607/2024,3D MINERALS LTDA,MINÉRIO DE FERRO,AUTORIZAÇÃO DE PESQUISA,1047.95,264 - AUT PESQ/TAH - PAGAMENTO EFETUADO EM 02/07/2026,-18.6405,-43.0612
MG,832515/2024,3D MINERALS LTDA,MINÉRIO DE FERRO,AUTORIZAÇÃO DE PESQUISA,1302.68,264 - AUT PESQ/TAH - PAGAMENTO EFETUADO EM 02/07/2026,-18.8781,-43.0735
MG,832604/2024,3D MINERALS LTDA,MINÉRIO DE FERRO,AUTORIZAÇÃO DE PESQUISA,300.59,264 - AUT PESQ/TAH - PAGAMENTO EFETUADO EM 02/07/2026,-20.1498,-44.3249
MG,832432/2024,3D MINERALS LTDA,BAUXITA,REQUERIMENTO DE LAVRA,246.4,336 - REQ LAV/DOCUMENTO DIVERSO PROTOC EM 29/01/2026,-21.4156,-42.9323
MG,832742/2024,3D MINERALS LTDA,BAUXITA,AUTORIZAÇÃO DE PESQUISA,422.36,264 - AUT PESQ/TAH - PAGAMENTO EFETUADO EM 02/07/2026,-21.3872,-42.9208
MG,832743/2024,3D MINERALS LTDA,BAUXITA,AUTORIZAÇÃO DE PESQUISA,115.25,264 - AUT PESQ/TAH - PAGAMENTO EFETUADO EM 02/07/2026,-21.4412,-42.846
MG,832413/2024,3D MINERALS LTDA,GRANITO,REQUERIMENTO DE LAVRA,986.87,2801 - REQ LAV/COMPLEMENTO REQ LAV EDITAL DISP PROTOC EM 26/11/2025,-19.8191,-42.9345
MG,832436/2024,3D MINERALS LTDA,MINÉRIO DE FERRO,AUTORIZAÇÃO DE PESQUISA,26.17,264 - AUT PESQ/TAH - PAGAMENTO EFETUADO EM 02/07/2026,-20.1569,-44.4403
MG,831634/2025,3D MINERALS LTDA,MINÉRIO DE FERRO,AUTORIZAÇÃO DE PESQUISA,69.57,264 - AUT PESQ/TAH - PAGAMENTO EFETUADO EM 02/07/2026,-18.6439,-43.0551
MG,831635/2025,3D MINERALS LTDA,MINÉRIO DE FERRO,REQUERIMENTO DE PESQUISA,29.45,100 - REQ PESQ/REQUERIMENTO PESQUISA PROTOC EM 28/10/2025,-20.4469,-43.5209
MG,831628/2025,3D MINERALS LTDA,MINÉRIO DE FERRO,AUTORIZAÇÃO DE PESQUISA,150.65,264 - AUT PESQ/TAH - PAGAMENTO EFETUADO EM 02/07/2026,-18.8781,-43.0795
MG,831627/2025,3D MINERALS LTDA,MINÉRIO DE FERRO,AUTORIZAÇÃO DE PESQUISA,28.65,264 - AUT PESQ/TAH - PAGAMENTO EFETUADO EM 02/07/2026,-20.3946,-43.7157
MG,831633/2025,3D MINERALS LTDA,MINÉRIO DE FERRO,REQUERIMENTO DE PESQUISA,3.81,100 - REQ PESQ/REQUERIMENTO PESQUISA PROTOC EM 28/10/2025,-19.8434,-43.3467
MG,831630/2025,3D MINERALS LTDA,MINÉRIO DE FERRO,REQUERIMENTO DE PESQUISA,0.08,100 - REQ PESQ/REQUERIMENTO PESQUISA PROTOC EM 27/10/2025,-20.1432,-44.3141
MG,831630/2025,3D MINERALS LTDA,MINÉRIO DE FERRO,REQUERIMENTO DE PESQUISA,25.94,100 - REQ PESQ/REQUERIMENTO PESQUISA PROTOC EM 27/10/2025,-20.1483,-44.3247
MG,831633/2025,3D MINERALS LTDA,MINÉRIO DE FERRO,REQUERIMENTO DE PESQUISA,134.21,100 - REQ PESQ/REQUERIMENTO PESQUISA PROTOC EM 28/10/2025,-19.8241,-43.3429
MG,831629/2025,3D MINERALS LTDA,MINÉRIO DE FERRO,REQUERIMENTO DE PESQUISA,168.39,100 - REQ PESQ/REQUERIMENTO PESQUISA PROTOC EM 27/10/2025,-19.7696,-43.2224
MG,831630/2025,3D MINERALS LTDA,MINÉRIO DE FERRO,REQUERIMENTO DE PESQUISA,0.04,100 - REQ PESQ/REQUERIMENTO PESQUISA PROTOC EM 27/10/2025,-20.144,-44.3116
MG,830611/2026,3D MINERALS LTDA,MINÉRIO DE FERRO,AUTORIZAÇÃO DE PESQUISA,1979.7,100 - REQ PESQ/REQUERIMENTO PESQUISA PROTOC EM 18/05/2026,-17.2611,-44.6688
PA,850801/2024,3D MINERALS LTDA,OURO,AUTORIZAÇÃO DE PESQUISA,4292.72,249 - AUT PESQ/TRANSF DIREITOS-CESSÃO TOTAL PROTOC EM 03/09/2026,-6.6658,-50.2054
PA,850835/2024,3D MINERALS LTDA,MINÉRIO DE COBRE,AUTORIZAÇÃO DE PESQUISA,1700.84,264 - AUT PESQ/TAH - PAGAMENTO EFETUADO EM 06/07/2026,-6.7804,-50.4059
PA,850882/2024,3D MINERALS LTDA,ESTANHO,REQUERIMENTO DE PESQUISA,7427.26,2847 - REQ PESQ/RECURSO NEGADO-SUPERINTENDENTE PUBL EM 02/06/2026,-6.9454,-52.1259
PA,850868/2024,3D MINERALS LTDA,MINÉRIO DE MANGANÊS,AUTORIZAÇÃO DE PESQUISA,6850.04,264 - AUT PESQ/TAH - PAGAMENTO EFETUADO EM 14/07/2026,-5.3945,-50.3358
PA,850869/2024,3D MINERALS LTDA,MINÉRIO DE OURO,REQUERIMENTO DE PESQUISA,2528.2,2847 - REQ PESQ/RECURSO NEGADO-SUPERINTENDENTE PUBL EM 02/06/2026,-7.213,-56.7809
PA,850875/2024,3D MINERALS LTDA,MINÉRIO DE NÍQUEL,AUTORIZAÇÃO DE PESQUISA,4810.3,264 - AUT PESQ/TAH - PAGAMENTO EFETUADO EM 07/07/2026,-5.518,-49.3815
PA,867040/2024,3D MINERALS LTDA,MINÉRIO DE COBRE,AUTORIZAÇÃO DE PESQUISA,8180.35,264 - AUT PESQ/TAH - PAGAMENTO EFETUADO EM 09/01/2026,-9.4514,-56.0941
PA,850799/2024,3D MINERALS LTDA,MINÉRIO DE COBRE,AUTORIZAÇÃO DE PESQUISA,9995.39,264 - AUT PESQ/TAH - PAGAMENTO EFETUADO EM 06/07/2026,-5.6482,-51.1874
PA,850816/2024,3D MINERALS LTDA,OURO,REQUERIMENTO DE PESQUISA,6938.34,100 - REQ PESQ/REQUERIMENTO PESQUISA PROTOC EM 28/11/2024,-6.8298,-55.8199
PA,850800/2024,3D MINERALS LTDA,MINÉRIO DE COBRE,AUTORIZAÇÃO DE PESQUISA,4792.94,264 - AUT PESQ/TAH - PAGAMENTO EFETUADO EM 07/07/2026,-6.941,-51.5073
PA,850834/2024,3D MINERALS LTDA,MINÉRIO DE FERRO,AUTORIZAÇÃO DE PESQUISA,7598.95,264 - AUT PESQ/TAH - PAGAMENTO EFETUADO EM 15/07/2026,-8.6817,-50.1678
PA,850807/2024,3D MINERALS LTDA,MINÉRIO DE COBRE,AUTORIZAÇÃO DE PESQUISA,4530.21,2847 - REQ PESQ/RECURSO NEGADO-SUPERINTENDENTE PUBL EM 02/06/2026,-5.7848,-49.7745
PA,850805/2024,3D MINERALS LTDA,MINÉRIO DE COBRE,AUTORIZAÇÃO DE PESQUISA,2918.71,264 - AUT PESQ/TAH - PAGAMENTO EFETUADO EM 06/07/2026,-5.9462,-49.9408
PA,867029/2024,3D MINERALS LTDA,MINÉRIO DE COBRE,AUTORIZAÇÃO DE PESQUISA,9918.56,264 - AUT PESQ/TAH - PAGAMENTO EFETUADO EM 28/01/2026,-9.4617,-56.0031
PA,850864/2024,3D MINERALS LTDA,MINÉRIO DE FERRO,AUTORIZAÇÃO DE PESQUISA,7593.28,264 - AUT PESQ/TAH - PAGAMENTO EFETUADO EM 14/07/2026,-8.7743,-50.665
PA,850830/2024,3D MINERALS LTDA,MINÉRIO DE COBRE,AUTORIZAÇÃO DE PESQUISA,5120.97,264 - AUT PESQ/TAH - PAGAMENTO EFETUADO EM 07/07/2026,-5.7241,-49.3648
PA,850859/2024,3D MINERALS LTDA,MINÉRIO DE COBRE,AUTORIZAÇÃO DE PESQUISA,674.93,264 - AUT PESQ/TAH - PAGAMENTO EFETUADO EM 05/01/2026,-6.888,-52.0081
PA,850867/2024,3D MINERALS LTDA,MINÉRIO DE COBRE,AUTORIZAÇÃO DE PESQUISA,3391.58,2847 - REQ PESQ/RECURSO NEGADO-SUPERINTENDENTE PUBL EM 02/06/2026,-6.7499,-50.9258
PA,850803/2024,3D MINERALS LTDA,MINÉRIO DE COBRE,AUTORIZAÇÃO DE PESQUISA,4294.65,264 - AUT PESQ/TAH - PAGAMENTO EFETUADO EM 07/07/2026,-5.8526,-50.5825
PA,850849/2024,3D MINERALS LTDA,MINÉRIO DE COBRE,AUTORIZAÇÃO DE PESQUISA,1758.13,264 - AUT PESQ/TAH - PAGAMENTO EFETUADO EM 06/01/2026,-5.2491,-48.7462
PA,850858/2024,3D MINERALS LTDA,MINÉRIO DE COBRE,REQUERIMENTO DE PESQUISA,8858.8,2847 - REQ PESQ/RECURSO NEGADO-SUPERINTENDENTE PUBL EM 02/06/2026,-5.3672,-50.4229
PA,850866/2024,3D MINERALS LTDA,MINÉRIO DE COBRE,AUTORIZAÇÃO DE PESQUISA,3052.88,2847 - REQ PESQ/RECURSO NEGADO-SUPERINTENDENTE PUBL EM 02/06/2026,-6.1766,-49.6732
PA,864384/2024,3D MINERALS LTDA,FOSFATO,AUTORIZAÇÃO DE PESQUISA,7269.27,264 - AUT PESQ/TAH - PAGAMENTO EFETUADO EM 14/07/2026,-5.737,-48.2752
PA,850900/2024,3D MINERALS LTDA,MINÉRIO DE COBRE,AUTORIZAÇÃO DE PESQUISA,4673.94,264 - AUT PESQ/TAH - PAGAMENTO EFETUADO EM 07/07/2026,-5.4238,-49.3251
PA,850316/2025,3D MINERALS LTDA,MINÉRIO DE COBRE,AUTORIZAÇÃO DE PESQUISA,4151.12,264 - AUT PESQ/TAH - PAGAMENTO EFETUADO EM 07/07/2026,-6.0334,-49.7136
PA,850310/2025,3D MINERALS LTDA,MINÉRIO DE OURO,REQUERIMENTO DE PESQUISA,9961.96,136 - REQ PESQ/DOCUMENTO DIVERSO PROTOC EM 26/06/2025,-6.9055,-49.9268
PA,850313/2025,3D MINERALS LTDA,MINÉRIO DE COBRE,AUTORIZAÇÃO DE PESQUISA,2469.23,264 - AUT PESQ/TAH - PAGAMENTO EFETUADO EM 06/07/2026,-6.6469,-51.0112
PA,850314/2025,3D MINERALS LTDA,MINÉRIO DE NÍQUEL,AUTORIZAÇÃO DE PESQUISA,9492.88,2847 - REQ PESQ/RECURSO NEGADO-SUPERINTENDENTE PUBL EM 02/06/2026,-7.3755,-50.4046
GO,861621/2024,3D MINERALS LTDA,MINÉRIO DE OURO,AUTORIZAÇÃO DE PESQUISA,994.72,264 - AUT PESQ/TAH - PAGAMENTO EFETUADO EM 05/01/2026,-14.48,-50.0543
GO,861635/2024,3D MINERALS LTDA,MINÉRIO DE FERRO,AUTORIZAÇÃO DE PESQUISA,1861.01,264 - AUT PESQ/TAH - PAGAMENTO EFETUADO EM 06/01/2026,-15.0273,-49.7818
GO,861831/2024,3D MINERALS LTDA,OURO,AUTORIZAÇÃO DE PESQUISA,1798.74,264 - AUT PESQ/TAH - PAGAMENTO EFETUADO EM 06/01/2026,-14.8935,-49.645
GO,861836/2024,3D MINERALS LTDA,MINÉRIO DE FERRO,AUTORIZAÇÃO DE PESQUISA,434.86,264 - AUT PESQ/TAH - PAGAMENTO EFETUADO EM 02/07/2026,-14.9427,-49.712
GO,861579/2024,3D MINERALS LTDA,FOSFATO,AUTORIZAÇÃO DE PESQUISA,970.53,264 - AUT PESQ/TAH - PAGAMENTO EFETUADO EM 05/01/2026,-16.1022,-51.2724
GO,861642/2024,3D MINERALS LTDA,MINÉRIO DE NÍQUEL,AUTORIZAÇÃO DE PESQUISA,1588.73,264 - AUT PESQ/TAH - PAGAMENTO EFETUADO EM 05/01/2026,-16.0979,-51.3131
GO,861618/2024,3D MINERALS LTDA,MINÉRIO DE FERRO,AUTORIZAÇÃO DE PESQUISA,1937.14,264 - AUT PESQ/TAH - PAGAMENTO EFETUADO EM 07/01/2026,-14.963,-49.7555
GO,861830/2024,3D MINERALS LTDA,OURO,AUTORIZAÇÃO DE PESQUISA,1133.05,264 - AUT PESQ/TAH - PAGAMENTO EFETUADO EM 05/01/2026,-14.9925,-49.6985
GO,861716/2024,3D MINERALS LTDA,MINÉRIO DE FERRO,AUTORIZAÇÃO DE PESQUISA,1505.33,264 - AUT PESQ/TAH - PAGAMENTO EFETUADO EM 05/01/2026,-14.9282,-49.7879
GO,861647/2024,3D MINERALS LTDA,TERRAS RARAS,AUTORIZAÇÃO DE PESQUISA,1864.84,264 - AUT PESQ/TAH - PAGAMENTO EFETUADO EM 05/01/2026,-13.2616,-46.9091
GO,861824/2024,3D MINERALS LTDA,OURO,AUTORIZAÇÃO DE PESQUISA,615.15,264 - AUT PESQ/TAH - PAGAMENTO EFETUADO EM 05/01/2026,-14.9123,-49.6853
GO,861643/2024,3D MINERALS LTDA,MINÉRIO DE NÍQUEL,AUTORIZAÇÃO DE PESQUISA,1035.41,264 - AUT PESQ/TAH - PAGAMENTO EFETUADO EM 05/01/2026,-15.819,-51.7043
GO,861640/2024,3D MINERALS LTDA,MINÉRIO DE COBRE,AUTORIZAÇÃO DE PESQUISA,1809.55,264 - AUT PESQ/TAH - PAGAMENTO EFETUADO EM 06/01/2026,-14.1567,-49.2527
GO,861840/2024,3D MINERALS LTDA,OURO,AUTORIZAÇÃO DE PESQUISA,170.35,264 - AUT PESQ/TAH - PAGAMENTO EFETUADO EM 02/07/2026,-14.8729,-49.631
GO,861822/2024,3D MINERALS LTDA,MINÉRIO DE NÍQUEL,AUTORIZAÇÃO DE PESQUISA,1706.16,264 - AUT PESQ/TAH - PAGAMENTO EFETUADO EM 03/07/2026,-14.3207,-49.4707
GO,861827/2024,3D MINERALS LTDA,MINÉRIO DE OURO,AUTORIZAÇÃO DE PESQUISA,999.32,264 - AUT PESQ/TAH - PAGAMENTO EFETUADO EM 05/01/2026,-14.4878,-50.0681
GO,861823/2024,3D MINERALS LTDA,MINÉRIO DE FERRO,AUTORIZAÇÃO DE PESQUISA,1382.53,264 - AUT PESQ/TAH - PAGAMENTO EFETUADO EM 05/01/2026,-14.9207,-49.7149
GO,861619/2024,3D MINERALS LTDA,MINÉRIO DE FERRO,AUTORIZAÇÃO DE PESQUISA,1948.42,264 - AUT PESQ/TAH - PAGAMENTO EFETUADO EM 07/01/2026,-15.0011,-49.7396
GO,861646/2024,3D MINERALS LTDA,TERRAS RARAS,AUTORIZAÇÃO DE PESQUISA,1607.9,264 - AUT PESQ/TAH - PAGAMENTO EFETUADO EM 03/07/2026,-13.2923,-46.8189
GO,861620/2024,3D MINERALS LTDA,MINÉRIO DE FERRO,AUTORIZAÇÃO DE PESQUISA,1980.3,264 - AUT PESQ/TAH - PAGAMENTO EFETUADO EM 06/01/2026,-14.9483,-49.836
GO,861820/2024,3D MINERALS LTDA,MINÉRIO DE OURO,AUTORIZAÇÃO DE PESQUISA,945.44,264 - AUT PESQ/TAH - PAGAMENTO EFETUADO EM 05/01/2026,-14.5077,-50.0857
GO,861826/2024,3D MINERALS LTDA,MINÉRIO DE FERRO,AUTORIZAÇÃO DE PESQUISA,1548.0,264 - AUT PESQ/TAH - PAGAMENTO EFETUADO EM 05/01/2026,-14.8899,-49.7869
GO,861648/2024,3D MINERALS LTDA,TERRAS RARAS,AUTORIZAÇÃO DE PESQUISA,976.9,264 - AUT PESQ/TAH - PAGAMENTO EFETUADO EM 02/07/2026,-13.2072,-46.9066
GO,861645/2024,3D MINERALS LTDA,TERRAS RARAS,AUTORIZAÇÃO DE PESQUISA,1793.5,264 - AUT PESQ/TAH - PAGAMENTO EFETUADO EM 03/07/2026,-13.6032,-47.0465
GO,861828/2024,3D MINERALS LTDA,OURO,AUTORIZAÇÃO DE PESQUISA,1756.68,264 - AUT PESQ/TAH - PAGAMENTO EFETUADO EM 06/01/2026,-14.5455,-50.0821
GO,861644/2024,3D MINERALS LTDA,MINÉRIO DE NÍQUEL,AUTORIZAÇÃO DE PESQUISA,1863.51,264 - AUT PESQ/TAH - PAGAMENTO EFETUADO EM 03/07/2026,-14.5142,-48.5265
GO,861821/2024,3D MINERALS LTDA,MINÉRIO DE COBRE,AUTORIZAÇÃO DE PESQUISA,1601.33,264 - AUT PESQ/TAH - PAGAMENTO EFETUADO EM 06/01/2026,-14.2649,-49.5744
GO,861951/2024,3D MINERALS LTDA,OURO,REQUERIMENTO DE PESQUISA,193.46,100 - REQ PESQ/REQUERIMENTO PESQUISA PROTOC EM 14/12/2024,-14.5825,-50.0375
GO,861958/2024,3D MINERALS LTDA,TERRAS RARAS,REQUERIMENTO DE PESQUISA,1615.66,100 - REQ PESQ/REQUERIMENTO PESQUISA PROTOC EM 17/12/2024,-13.2762,-46.9557
GO,861954/2024,3D MINERALS LTDA,TERRAS RARAS,REQUERIMENTO DE PESQUISA,267.0,100 - REQ PESQ/REQUERIMENTO PESQUISA PROTOC EM 14/12/2024,-13.5964,-47.0867
GO,861959/2024,3D MINERALS LTDA,MINÉRIO DE FERRO,AUTORIZAÇÃO DE PESQUISA,1931.46,264 - AUT PESQ/TAH - PAGAMENTO EFETUADO EM 03/07/2026,-14.8819,-49.7561
GO,861960/2024,3D MINERALS LTDA,MINÉRIO DE FERRO,AUTORIZAÇÃO DE PESQUISA,1527.95,264 - AUT PESQ/TAH - PAGAMENTO EFETUADO EM 06/07/2026,-14.8764,-49.5877
GO,861950/2024,3D MINERALS LTDA,OURO,AUTORIZAÇÃO DE PESQUISA,961.29,264 - AUT PESQ/TAH - PAGAMENTO EFETUADO EM 02/07/2026,-14.4447,-50.0854
GO,861949/2024,3D MINERALS LTDA,MINÉRIO DE NIÓBIO,AUTORIZAÇÃO DE PESQUISA,1569.32,264 - AUT PESQ/TAH - PAGAMENTO EFETUADO EM 03/07/2026,-15.8205,-51.6973
GO,861958/2024,3D MINERALS LTDA,TERRAS RARAS,REQUERIMENTO DE PESQUISA,0.01,100 - REQ PESQ/REQUERIMENTO PESQUISA PROTOC EM 17/12/2024,-13.3064,-46.9389
GO,861953/2024,3D MINERALS LTDA,MINÉRIO DE FERRO,REQUERIMENTO DE PESQUISA,99.68,136 - REQ PESQ/DOCUMENTO DIVERSO PROTOC EM 23/09/2025,-14.9834,-49.6947
GO,861952/2024,3D MINERALS LTDA,MINÉRIO DE FERRO,REQUERIMENTO DE PESQUISA,141.48,100 - REQ PESQ/REQUERIMENTO PESQUISA PROTOC EM 14/12/2024,-14.9889,-49.733
GO,861958/2024,3D MINERALS LTDA,TERRAS RARAS,REQUERIMENTO DE PESQUISA,0.06,100 - REQ PESQ/REQUERIMENTO PESQUISA PROTOC EM 17/12/2024,-13.3064,-46.9433
GO,860705/2025,3D MINERALS LTDA,MINÉRIO DE OURO,REQUERIMENTO DE PESQUISA,1426.42,100 - REQ PESQ/REQUERIMENTO PESQUISA PROTOC EM 22/08/2025,-14.5339,-50.0901
BA,872050/2024,3D MINERALS LTDA,MINÉRIO DE FERRO,AUTORIZAÇÃO DE PESQUISA,467.22,264 - AUT PESQ/TAH - PAGAMENTO EFETUADO EM 05/01/2026,-13.8952,-42.055
BA,872061/2024,3D MINERALS LTDA,MINÉRIO DE COBRE,AUTORIZAÇÃO DE PESQUISA,1927.53,264 - AUT PESQ/TAH - PAGAMENTO EFETUADO EM 07/01/2026,-9.5181,-43.4106
BA,872036/2024,3D MINERALS LTDA,MINÉRIO DE FERRO,AUTORIZAÇÃO DE PESQUISA,1007.87,2803 - AUT PESQ/EXIGÊNCIA PRAZO OFÍCIO PUBL EM 30/03/2026,-14.5648,-41.8826
BA,872095/2024,3D MINERALS LTDA,MINÉRIO DE COBRE,AUTORIZAÇÃO DE PESQUISA,1959.47,264 - AUT PESQ/TAH - PAGAMENTO EFETUADO EM 06/01/2026,-9.7358,-42.9489
BA,872065/2024,3D MINERALS LTDA,MINÉRIO DE COBRE,AUTORIZAÇÃO DE PESQUISA,1950.94,264 - AUT PESQ/TAH - PAGAMENTO EFETUADO EM 06/01/2026,-9.6076,-43.368
BA,872055/2024,3D MINERALS LTDA,MINÉRIO DE COBRE,AUTORIZAÇÃO DE PESQUISA,622.21,264 - AUT PESQ/TAH - PAGAMENTO EFETUADO EM 05/01/2026,-9.5865,-39.9463
BA,872037/2024,3D MINERALS LTDA,MINÉRIO DE FERRO,AUTORIZAÇÃO DE PESQUISA,469.54,264 - AUT PESQ/TAH - PAGAMENTO EFETUADO EM 05/01/2026,-13.8649,-41.8566
BA,872034/2024,3D MINERALS LTDA,MINÉRIO DE FERRO,AUTORIZAÇÃO DE PESQUISA,1395.93,264 - AUT PESQ/TAH - PAGAMENTO EFETUADO EM 05/01/2026,-14.7736,-40.2344
BA,872057/2024,3D MINERALS LTDA,MINÉRIO DE COBRE,AUTORIZAÇÃO DE PESQUISA,1023.69,264 - AUT PESQ/TAH - PAGAMENTO EFETUADO EM 05/01/2026,-9.9391,-40.0221
BA,872094/2024,3D MINERALS LTDA,MINÉRIO DE COBRE,AUTORIZAÇÃO DE PESQUISA,674.75,264 - AUT PESQ/TAH - PAGAMENTO EFETUADO EM 05/01/2026,-13.0871,-42.178
BA,872072/2024,3D MINERALS LTDA,MINÉRIO DE COBRE,AUTORIZAÇÃO DE PESQUISA,1970.72,264 - AUT PESQ/TAH - PAGAMENTO EFETUADO EM 06/01/2026,-9.6914,-42.9853
BA,872063/2024,3D MINERALS LTDA,MINÉRIO DE COBRE,AUTORIZAÇÃO DE PESQUISA,1968.68,264 - AUT PESQ/TAH - PAGAMENTO EFETUADO EM 06/01/2026,-9.5428,-43.4706
BA,872084/2024,3D MINERALS LTDA,MINÉRIO DE COBRE,AUTORIZAÇÃO DE PESQUISA,1989.32,264 - AUT PESQ/TAH - PAGAMENTO EFETUADO EM 06/01/2026,-11.3858,-41.5404
BA,872046/2024,3D MINERALS LTDA,MINÉRIO DE FERRO,AUTORIZAÇÃO DE PESQUISA,224.99,264 - AUT PESQ/TAH - PAGAMENTO EFETUADO EM 05/01/2026,-13.7775,-42.0738
BA,872069/2024,3D MINERALS LTDA,MINÉRIO DE COBRE,AUTORIZAÇÃO DE PESQUISA,1928.22,264 - AUT PESQ/TAH - PAGAMENTO EFETUADO EM 07/01/2026,-9.6471,-42.9853
BA,872025/2024,3D MINERALS LTDA,MINÉRIO DE FERRO,AUTORIZAÇÃO DE PESQUISA,496.15,278 - AUT PESQ/RENÚNCIA AUTORIZAÇÃO PESQUISA PROTOC EM 09/04/2026,-14.8229,-42.1771
BA,872060/2024,3D MINERALS LTDA,MINÉRIO DE COBRE,AUTORIZAÇÃO DE PESQUISA,1944.26,264 - AUT PESQ/TAH - PAGAMENTO EFETUADO EM 06/01/2026,-9.5047,-43.4534
BA,872045/2024,3D MINERALS LTDA,MINÉRIO DE FERRO,AUTORIZAÇÃO DE PESQUISA,994.91,264 - AUT PESQ/TAH - PAGAMENTO EFETUADO EM 05/01/2026,-14.2282,-42.0316
BA,872074/2024,3D MINERALS LTDA,MINÉRIO DE COBRE,AUTORIZAÇÃO DE PESQUISA,1963.05,264 - AUT PESQ/TAH - PAGAMENTO EFETUADO EM 07/01/2026,-9.7358,-43.0217
BA,872073/2024,3D MINERALS LTDA,MINÉRIO DE COBRE,AUTORIZAÇÃO DE PESQUISA,1976.79,264 - AUT PESQ/TAH - PAGAMENTO EFETUADO EM 06/01/2026,-9.6914,-42.9489
BA,872075/2024,3D MINERALS LTDA,MINÉRIO DE COBRE,AUTORIZAÇÃO DE PESQUISA,1953.45,264 - AUT PESQ/TAH - PAGAMENTO EFETUADO EM 06/01/2026,-9.7358,-42.9853
BA,872083/2024,3D MINERALS LTDA,MINÉRIO DE CROMO,AUTORIZAÇÃO DE PESQUISA,877.35,264 - AUT PESQ/TAH - PAGAMENTO EFETUADO EM 05/01/2026,-10.0569,-39.6818
BA,872068/2024,3D MINERALS LTDA,MINÉRIO DE COBRE,AUTORIZAÇÃO DE PESQUISA,1937.69,264 - AUT PESQ/TAH - PAGAMENTO EFETUADO EM 07/01/2026,-9.6471,-43.0217
BA,872240/2024,3D MINERALS LTDA,MINÉRIO DE ESTANHO,AUTORIZAÇÃO DE PESQUISA,852.39,264 - AUT PESQ/TAH - PAGAMENTO EFETUADO EM 02/07/2026,-13.4494,-42.1714
BA,872300/2024,3D MINERALS LTDA,MINÉRIO DE FERRO,AUTORIZAÇÃO DE PESQUISA,299.55,264 - AUT PESQ/TAH - PAGAMENTO EFETUADO EM 02/07/2026,-14.1034,-41.9968
BA,872299/2024,3D MINERALS LTDA,MINÉRIO DE FERRO,AUTORIZAÇÃO DE PESQUISA,1851.11,264 - AUT PESQ/TAH - PAGAMENTO EFETUADO EM 03/07/2026,-13.7264,-42.0969
BA,872305/2024,3D MINERALS LTDA,MINÉRIO DE TUNGSTÊNIO,AUTORIZAÇÃO DE PESQUISA,1965.07,264 - AUT PESQ/TAH - PAGAMENTO EFETUADO EM 03/07/2026,-11.325,-41.6908
BA,872302/2024,3D MINERALS LTDA,FOSFATO,AUTORIZAÇÃO DE PESQUISA,994.69,264 - AUT PESQ/TAH - PAGAMENTO EFETUADO EM 02/07/2026,-12.3323,-41.013
BA,872054/2024,3D MINERALS LTDA,MINÉRIO DE COBRE,AUTORIZAÇÃO DE PESQUISA,999.71,264 - AUT PESQ/TAH - PAGAMENTO EFETUADO EM 05/01/2026,-10.0045,-40.5521
BA,872064/2024,3D MINERALS LTDA,MINÉRIO DE COBRE,AUTORIZAÇÃO DE PESQUISA,1940.6,264 - AUT PESQ/TAH - PAGAMENTO EFETUADO EM 06/01/2026,-9.5695,-43.285
BA,872059/2024,3D MINERALS LTDA,MINÉRIO DE COBRE,AUTORIZAÇÃO DE PESQUISA,1960.74,264 - AUT PESQ/TAH - PAGAMENTO EFETUADO EM 06/01/2026,-9.5004,-43.4944
BA,872062/2024,3D MINERALS LTDA,MINÉRIO DE COBRE,AUTORIZAÇÃO DE PESQUISA,1947.08,264 - AUT PESQ/TAH - PAGAMENTO EFETUADO EM 06/01/2026,-9.5031,-43.3775
BA,872067/2024,3D MINERALS LTDA,MINÉRIO DE COBRE,AUTORIZAÇÃO DE PESQUISA,1953.8,264 - AUT PESQ/TAH - PAGAMENTO EFETUADO EM 07/01/2026,-9.607,-43.2922
BA,872223/2024,3D MINERALS LTDA,MINÉRIO DE COBRE,AUTORIZAÇÃO DE PESQUISA,1568.45,264 - AUT PESQ/TAH - PAGAMENTO EFETUADO EM 06/01/2026,-13.1921,-38.9499
BA,872224/2024,3D MINERALS LTDA,MINÉRIO DE FERRO,AUTORIZAÇÃO DE PESQUISA,490.24,264 - AUT PESQ/TAH - PAGAMENTO EFETUADO EM 05/01/2026,-13.8745,-42.0729
BA,872242/2024,3D MINERALS LTDA,FOSFATO,AUTORIZAÇÃO DE PESQUISA,1170.65,264 - AUT PESQ/TAH - PAGAMENTO EFETUADO EM 05/01/2026,-12.3546,-41.0133
BA,872080/2024,3D MINERALS LTDA,MINÉRIO DE ESTANHO,AUTORIZAÇÃO DE PESQUISA,557.12,264 - AUT PESQ/TAH - PAGAMENTO EFETUADO EM 05/01/2026,-13.438,-42.1441
BA,872071/2024,3D MINERALS LTDA,MINÉRIO DE COBRE,AUTORIZAÇÃO DE PESQUISA,1980.4,264 - AUT PESQ/TAH - PAGAMENTO EFETUADO EM 06/01/2026,-9.6824,-43.029
BA,872077/2024,3D MINERALS LTDA,MINÉRIO DE ZINCO,AUTORIZAÇÃO DE PESQUISA,1349.58,264 - AUT PESQ/TAH - PAGAMENTO EFETUADO EM 06/01/2026,-11.3201,-41.7514
BA,872049/2024,3D MINERALS LTDA,MINÉRIO DE FERRO,AUTORIZAÇÃO DE PESQUISA,76.98,264 - AUT PESQ/TAH - PAGAMENTO EFETUADO EM 05/01/2026,-13.8865,-42.042
BA,872066/2024,3D MINERALS LTDA,MINÉRIO DE COBRE,AUTORIZAÇÃO DE PESQUISA,1937.15,264 - AUT PESQ/TAH - PAGAMENTO EFETUADO EM 06/01/2026,-9.5897,-43.3289
BA,872221/2024,3D MINERALS LTDA,MINÉRIO DE FERRO,AUTORIZAÇÃO DE PESQUISA,1480.44,264 - AUT PESQ/TAH - PAGAMENTO EFETUADO EM 05/01/2026,-14.1609,-42.0938
BA,872304/2024,3D MINERALS LTDA,FOSFATO,AUTORIZAÇÃO DE PESQUISA,403.96,264 - AUT PESQ/TAH - PAGAMENTO EFETUADO EM 02/07/2026,-12.3895,-41.0143
BA,872306/2024,3D MINERALS LTDA,MINÉRIO DE TUNGSTÊNIO,AUTORIZAÇÃO DE PESQUISA,1997.32,264 - AUT PESQ/TAH - PAGAMENTO EFETUADO EM 06/07/2026,-11.3875,-41.5651
BA,872307/2024,3D MINERALS LTDA,MINÉRIO DE COBRE,AUTORIZAÇÃO DE PESQUISA,286.0,264 - AUT PESQ/TAH - PAGAMENTO EFETUADO EM 02/07/2026,-13.1698,-38.9197
BA,872308/2024,3D MINERALS LTDA,MINÉRIO DE COBRE,AUTORIZAÇÃO DE PESQUISA,1842.03,264 - AUT PESQ/TAH - PAGAMENTO EFETUADO EM 03/07/2026,-9.4601,-43.4846
BA,872301/2024,3D MINERALS LTDA,MINÉRIO DE FERRO,AUTORIZAÇÃO DE PESQUISA,377.45,264 - AUT PESQ/TAH - PAGAMENTO EFETUADO EM 02/07/2026,-14.1731,-42.0933
BA,872058/2024,3D MINERALS LTDA,MINÉRIO DE COBRE,AUTORIZAÇÃO DE PESQUISA,972.67,264 - AUT PESQ/TAH - PAGAMENTO EFETUADO EM 05/01/2026,-9.4751,-43.1163
BA,872079/2024,3D MINERALS LTDA,MINÉRIO DE ZINCO,AUTORIZAÇÃO DE PESQUISA,1997.88,264 - AUT PESQ/TAH - PAGAMENTO EFETUADO EM 07/01/2026,-11.4227,-41.7631
BA,872090/2024,3D MINERALS LTDA,MINÉRIO DE COBRE,AUTORIZAÇÃO DE PESQUISA,502.91,264 - AUT PESQ/TAH - PAGAMENTO EFETUADO EM 05/01/2026,-9.3921,-39.9635
BA,872222/2024,3D MINERALS LTDA,MINÉRIO DE FERRO,AUTORIZAÇÃO DE PESQUISA,1881.74,264 - AUT PESQ/TAH - PAGAMENTO EFETUADO EM 03/07/2026,-14.4685,-40.1759
BA,872243/2024,3D MINERALS LTDA,CASSITERITA,AUTORIZAÇÃO DE PESQUISA,946.92,264 - AUT PESQ/TAH - PAGAMENTO EFETUADO EM 05/01/2026,-17.3318,-39.259
BA,872076/2024,3D MINERALS LTDA,CASSITERITA,AUTORIZAÇÃO DE PESQUISA,1923.8,264 - AUT PESQ/TAH - PAGAMENTO EFETUADO EM 03/07/2026,-17.5419,-39.2477
BA,872013/2024,3D MINERALS LTDA,OURO,REQUERIMENTO DE LAVRA,1702.01,362 - REQ LAV/PRORROGAÇÃO PRAZO EXIGÊNCIA PROTOC EM 26/11/2025,-13.9235,-41.8659
BA,872070/2024,3D MINERALS LTDA,MINÉRIO DE COBRE,AUTORIZAÇÃO DE PESQUISA,1934.16,264 - AUT PESQ/TAH - PAGAMENTO EFETUADO EM 07/01/2026,-9.6471,-42.9489
BA,872220/2024,3D MINERALS LTDA,MINÉRIO DE FERRO,AUTORIZAÇÃO DE PESQUISA,1516.82,264 - AUT PESQ/TAH - PAGAMENTO EFETUADO EM 03/07/2026,-14.7359,-40.22
BA,872183/2024,3D MINERALS LTDA,MINÉRIO DE FERRO,AUTORIZAÇÃO DE PESQUISA,1818.23,264 - AUT PESQ/TAH - PAGAMENTO EFETUADO EM 05/01/2026,-13.841,-42.0571
BA,872303/2024,3D MINERALS LTDA,FOSFATO,AUTORIZAÇÃO DE PESQUISA,1145.54,264 - AUT PESQ/TAH - PAGAMENTO EFETUADO EM 02/07/2026,-12.369,-41.0529
BA,872297/2024,3D MINERALS LTDA,MINÉRIO DE FERRO,AUTORIZAÇÃO DE PESQUISA,1492.75,264 - AUT PESQ/TAH - PAGAMENTO EFETUADO EM 03/07/2026,-13.938,-41.8175
BA,872298/2024,3D MINERALS LTDA,MINÉRIO DE FERRO,AUTORIZAÇÃO DE PESQUISA,1117.28,264 - AUT PESQ/TAH - PAGAMENTO EFETUADO EM 02/07/2026,-13.8991,-41.8431
BA,872296/2024,3D MINERALS LTDA,MINÉRIO DE FERRO,AUTORIZAÇÃO DE PESQUISA,1276.06,264 - AUT PESQ/TAH - PAGAMENTO EFETUADO EM 02/07/2026,-13.8595,-42.0258
BA,872053/2024,3D MINERALS LTDA,MINÉRIO DE FERRO,AUTORIZAÇÃO DE PESQUISA,1978.82,264 - AUT PESQ/TAH - PAGAMENTO EFETUADO EM 06/07/2026,-14.591,-40.047
BA,872047/2024,3D MINERALS LTDA,MINÉRIO DE FERRO,AUTORIZAÇÃO DE PESQUISA,1989.5,264 - AUT PESQ/TAH - PAGAMENTO EFETUADO EM 03/07/2026,-13.7735,-42.0824
BA,872051/2024,3D MINERALS LTDA,MINÉRIO DE FERRO,AUTORIZAÇÃO DE PESQUISA,1993.89,264 - AUT PESQ/TAH - PAGAMENTO EFETUADO EM 03/07/2026,-14.5439,-40.0141
BA,872048/2024,3D MINERALS LTDA,MINÉRIO DE FERRO,AUTORIZAÇÃO DE PESQUISA,1854.07,264 - AUT PESQ/TAH - PAGAMENTO EFETUADO EM 03/07/2026,-13.8238,-42.1012
BA,872078/2024,3D MINERALS LTDA,MINÉRIO DE ZINCO,AUTORIZAÇÃO DE PESQUISA,1614.43,264 - AUT PESQ/TAH - PAGAMENTO EFETUADO EM 06/07/2026,-11.3903,-41.7494
BA,870366/2025,3D MINERALS LTDA,MINÉRIO DE FERRO,AUTORIZAÇÃO DE PESQUISA,395.8,264 - AUT PESQ/TAH - PAGAMENTO EFETUADO EM 05/01/2026,-14.4772,-41.8813
BA,870514/2025,3D MINERALS LTDA,MINÉRIO DE FERRO,AUTORIZAÇÃO DE PESQUISA,1924.14,264 - AUT PESQ/TAH - PAGAMENTO EFETUADO EM 06/01/2026,-14.5273,-41.9066
BA,872082/2024,3D MINERALS LTDA,MINÉRIO DE TUNGSTÊNIO,AUTORIZAÇÃO DE PESQUISA,1988.94,264 - AUT PESQ/TAH - PAGAMENTO EFETUADO EM 03/07/2026,-10.415,-40.3007
BA,872081/2024,3D MINERALS LTDA,MINÉRIO DE TUNGSTÊNIO,AUTORIZAÇÃO DE PESQUISA,1943.63,264 - AUT PESQ/TAH - PAGAMENTO EFETUADO EM 03/07/2026,-10.5323,-40.4383
BA,872033/2024,3D MINERALS LTDA,MINÉRIO DE FERRO,AUTORIZAÇÃO DE PESQUISA,1006.1,249 - AUT PESQ/TRANSF DIREITOS-CESSÃO TOTAL PROTOC EM 27/02/2026,-14.1111,-39.6952
BA,870085/2025,3D MINERALS LTDA,MINÉRIO DE FERRO,AUTORIZAÇÃO DE PESQUISA,1451.73,264 - AUT PESQ/TAH - PAGAMENTO EFETUADO EM 03/07/2026,-13.8946,-41.7926
BA,870883/2025,3D MINERALS LTDA,MINÉRIO DE FERRO,AUTORIZAÇÃO DE PESQUISA,257.93,249 - AUT PESQ/TRANSF DIREITOS-CESSÃO TOTAL PROTOC EM 03/09/2026,-13.8536,-42.047
BA,870848/2025,3D MINERALS LTDA,MINÉRIO DE FERRO,AUTORIZAÇÃO DE PESQUISA,867.85,249 - AUT PESQ/TRANSF DIREITOS-CESSÃO TOTAL PROTOC EM 27/02/2026,-14.1105,-39.6908
TO,864384/2024,3D MINERALS LTDA,FOSFATO,AUTORIZAÇÃO DE PESQUISA,7269.27,264 - AUT PESQ/TAH - PAGAMENTO EFETUADO EM 14/07/2026,-5.737,-48.2752
MT,867028/2024,3D MINERALS LTDA,MINÉRIO DE COBRE,AUTORIZAÇÃO DE PESQUISA,8076.02,249 - AUT PESQ/TRANSF DIREITOS-CESSÃO TOTAL PROTOC EM 03/09/2026,-9.7368,-56.0239
MT,867014/2024,3D MINERALS LTDA,MINÉRIO DE COBRE,AUTORIZAÇÃO DE PESQUISA,9923.73,264 - AUT PESQ/TAH - PAGAMENTO EFETUADO EM 29/01/2026,-9.2723,-57.5507
MT,867147/2024,3D MINERALS LTDA,MINÉRIO DE COBRE,AUTORIZAÇÃO DE PESQUISA,3711.34,249 - AUT PESQ/TRANSF DIREITOS-CESSÃO TOTAL PROTOC EM 03/09/2026,-9.6476,-56.1158
MT,867151/2024,3D MINERALS LTDA,MINÉRIO DE COBRE,AUTORIZAÇÃO DE PESQUISA,246.71,264 - AUT PESQ/TAH - PAGAMENTO EFETUADO EM 05/01/2026,-9.8489,-56.41
MT,867120/2024,3D MINERALS LTDA,MINÉRIO DE COBRE,AUTORIZAÇÃO DE PESQUISA,2302.51,264 - AUT PESQ/TAH - PAGAMENTO EFETUADO EM 06/07/2026,-9.635,-56.6794
MT,867115/2024,3D MINERALS LTDA,MINÉRIO DE COBRE,AUTORIZAÇÃO DE PESQUISA,3547.54,249 - AUT PESQ/TRANSF DIREITOS-CESSÃO TOTAL PROTOC EM 03/09/2026,-9.6496,-55.7321
MT,867015/2024,3D MINERALS LTDA,MINÉRIO DE COBRE,AUTORIZAÇÃO DE PESQUISA,9918.65,264 - AUT PESQ/TAH - PAGAMENTO EFETUADO EM 28/01/2026,-9.4527,-58.1692
MT,867198/2024,3D MINERALS LTDA,MINÉRIO DE COBRE,AUTORIZAÇÃO DE PESQUISA,1097.72,249 - AUT PESQ/TRANSF DIREITOS-CESSÃO TOTAL PROTOC EM 03/09/2026,-9.6582,-55.583
MT,867020/2024,3D MINERALS LTDA,MINÉRIO DE COBRE,AUTORIZAÇÃO DE PESQUISA,9911.0,264 - AUT PESQ/TAH - PAGAMENTO EFETUADO EM 06/07/2026,-9.7234,-56.7211
MT,867040/2024,3D MINERALS LTDA,MINÉRIO DE COBRE,AUTORIZAÇÃO DE PESQUISA,8180.35,264 - AUT PESQ/TAH - PAGAMENTO EFETUADO EM 09/01/2026,-9.4514,-56.0941
MT,867149/2024,3D MINERALS LTDA,OURO,REQUERIMENTO DE PESQUISA,7376.41,135 - REQ PESQ/CUMPRIMENTO EXIGÊNCIA PROTOC EM 04/06/2025,-15.4529,-58.6478
MT,867211/2024,3D MINERALS LTDA,MINÉRIO DE OURO,REQUERIMENTO DE PESQUISA,8885.21,135 - REQ PESQ/CUMPRIMENTO EXIGÊNCIA PROTOC EM 04/06/2025,-15.7679,-58.3618
MT,867024/2024,3D MINERALS LTDA,CASSITERITA,AUTORIZAÇÃO DE PESQUISA,7183.07,264 - AUT PESQ/TAH - PAGAMENTO EFETUADO EM 08/01/2026,-9.3896,-61.0985
MT,867027/2024,3D MINERALS LTDA,CASSITERITA,AUTORIZAÇÃO DE PESQUISA,9766.33,264 - AUT PESQ/TAH - PAGAMENTO EFETUADO EM 09/01/2026,-9.379,-61.3733
MT,867055/2024,3D MINERALS LTDA,OURO,AUTORIZAÇÃO DE PESQUISA,2614.86,264 - AUT PESQ/TAH - PAGAMENTO EFETUADO EM 06/07/2026,-9.3851,-58.9323
MT,867003/2024,3D MINERALS LTDA,MINÉRIO DE COBRE,AUTORIZAÇÃO DE PESQUISA,9920.99,264 - AUT PESQ/TAH - PAGAMENTO EFETUADO EM 28/01/2026,-9.3715,-57.6322
MT,867133/2024,3D MINERALS LTDA,MINÉRIO DE COBRE,AUTORIZAÇÃO DE PESQUISA,8694.18,264 - AUT PESQ/TAH - PAGAMENTO EFETUADO EM 07/07/2026,-9.7047,-59.0543
MT,867017/2024,3D MINERALS LTDA,MINÉRIO DE COBRE,AUTORIZAÇÃO DE PESQUISA,9918.53,264 - AUT PESQ/TAH - PAGAMENTO EFETUADO EM 28/01/2026,-9.4617,-57.9942
MT,867030/2024,3D MINERALS LTDA,MINÉRIO DE COBRE,AUTORIZAÇÃO DE PESQUISA,9913.35,264 - AUT PESQ/TAH - PAGAMENTO EFETUADO EM 27/01/2026,-9.6422,-56.8176
MT,867056/2024,3D MINERALS LTDA,MINÉRIO DE COBRE,AUTORIZAÇÃO DE PESQUISA,9906.21,264 - AUT PESQ/TAH - PAGAMENTO EFETUADO EM 26/01/2026,-9.4278,-57.9035
MT,867012/2024,3D MINERALS LTDA,MINÉRIO DE COBRE,AUTORIZAÇÃO DE PESQUISA,9923.57,264 - AUT PESQ/TAH - PAGAMENTO EFETUADO EM 29/01/2026,-9.2813,-57.7227
MT,867007/2024,3D MINERALS LTDA,MINÉRIO DE COBRE,AUTORIZAÇÃO DE PESQUISA,9913.44,264 - AUT PESQ/TAH - PAGAMENTO EFETUADO EM 27/01/2026,-9.6422,-57.0891
MT,867006/2024,3D MINERALS LTDA,MINÉRIO DE COBRE,AUTORIZAÇÃO DE PESQUISA,9136.66,264 - AUT PESQ/TAH - PAGAMENTO EFETUADO EM 09/01/2026,-9.6397,-57.1977
MT,867016/2024,3D MINERALS LTDA,MINÉRIO DE COBRE,AUTORIZAÇÃO DE PESQUISA,9918.43,264 - AUT PESQ/TAH - PAGAMENTO EFETUADO EM 28/01/2026,-9.4617,-58.0847
MT,867118/2024,3D MINERALS LTDA,MINÉRIO DE COBRE,AUTORIZAÇÃO DE PESQUISA,4946.41,264 - AUT PESQ/TAH - PAGAMENTO EFETUADO EM 08/01/2026,-9.4487,-56.8429
MT,867130/2024,3D MINERALS LTDA,MINÉRIO DE COBRE,AUTORIZAÇÃO DE PESQUISA,7494.32,264 - AUT PESQ/TAH - PAGAMENTO EFETUADO EM 14/07/2026,-9.7297,-56.4715
MT,867138/2024,3D MINERALS LTDA,MINÉRIO DE COBRE,AUTORIZAÇÃO DE PESQUISA,7508.04,264 - AUT PESQ/TAH - PAGAMENTO EFETUADO EM 14/07/2026,-9.1421,-58.9437
MT,867026/2024,3D MINERALS LTDA,CASSITERITA,AUTORIZAÇÃO DE PESQUISA,4111.39,264 - AUT PESQ/TAH - PAGAMENTO EFETUADO EM 08/01/2026,-9.2071,-61.1623
MT,867047/2024,3D MINERALS LTDA,MINÉRIO DE COBRE,AUTORIZAÇÃO DE PESQUISA,9913.47,264 - AUT PESQ/TAH - PAGAMENTO EFETUADO EM 15/07/2026,-9.6422,-59.1135
MT,867191/2024,3D MINERALS LTDA,MINÉRIO DE COBRE,AUTORIZAÇÃO DE PESQUISA,6437.86,264 - AUT PESQ/TAH - PAGAMENTO EFETUADO EM 14/07/2026,-9.8076,-56.2
MT,867008/2024,3D MINERALS LTDA,MINÉRIO DE COBRE,AUTORIZAÇÃO DE PESQUISA,9913.32,264 - AUT PESQ/TAH - PAGAMENTO EFETUADO EM 27/01/2026,-9.6422,-56.9986
MT,867119/2024,3D MINERALS LTDA,MINÉRIO DE COBRE,AUTORIZAÇÃO DE PESQUISA,1359.1,264 - AUT PESQ/TAH - PAGAMENTO EFETUADO EM 05/01/2026,-9.4553,-56.7332
MT,867046/2024,3D MINERALS LTDA,MINÉRIO DE OURO,AUTORIZAÇÃO DE PESQUISA,8258.85,264 - AUT PESQ/TAH - PAGAMENTO EFETUADO EM 15/07/2026,-9.7338,-59.1996
MT,867186/2024,3D MINERALS LTDA,FOSFATO,REQUERIMENTO DE PESQUISA,8284.92,135 - REQ PESQ/CUMPRIMENTO EXIGÊNCIA PROTOC EM 04/06/2025,-15.7121,-58.2264
MT,867145/2024,3D MINERALS LTDA,CASSITERITA,AUTORIZAÇÃO DE PESQUISA,2339.52,264 - AUT PESQ/TAH - PAGAMENTO EFETUADO EM 07/01/2026,-9.3681,-61.1598
MT,867152/2024,3D MINERALS LTDA,MINÉRIO DE COBRE,AUTORIZAÇÃO DE PESQUISA,2026.88,264 - AUT PESQ/TAH - PAGAMENTO EFETUADO EM 06/07/2026,-9.7072,-56.5352
MT,867163/2024,3D MINERALS LTDA,MINÉRIO DE COBRE,AUTORIZAÇÃO DE PESQUISA,5418.99,264 - AUT PESQ/TAH - PAGAMENTO EFETUADO EM 08/01/2026,-9.271,-57.4773
MT,867117/2024,3D MINERALS LTDA,MINÉRIO DE COBRE,AUTORIZAÇÃO DE PESQUISA,1281.62,264 - AUT PESQ/TAH - PAGAMENTO EFETUADO EM 06/01/2026,-9.4875,-56.7497
MT,867049/2024,3D MINERALS LTDA,MINÉRIO DE COBRE,AUTORIZAÇÃO DE PESQUISA,5410.4,264 - AUT PESQ/TAH - PAGAMENTO EFETUADO EM 07/07/2026,-9.6299,-58.9192
MT,867121/2024,3D MINERALS LTDA,MINÉRIO DE COBRE,AUTORIZAÇÃO DE PESQUISA,3453.24,264 - AUT PESQ/TAH - PAGAMENTO EFETUADO EM 06/07/2026,-9.713,-56.6626
MT,867021/2024,3D MINERALS LTDA,TERRAS RARAS,AUTORIZAÇÃO DE PESQUISA,9921.08,264 - AUT PESQ/TAH - PAGAMENTO EFETUADO EM 06/07/2026,-9.3715,-59.204
MT,867054/2024,3D MINERALS LTDA,MINÉRIO DE COBRE,AUTORIZAÇÃO DE PESQUISA,9261.31,264 - AUT PESQ/TAH - PAGAMENTO EFETUADO EM 15/07/2026,-9.55,-59.0181
MT,867132/2024,3D MINERALS LTDA,FOSFATO,REQUERIMENTO DE PESQUISA,973.84,135 - REQ PESQ/CUMPRIMENTO EXIGÊNCIA PROTOC EM 04/06/2025,-15.5878,-58.0056
MT,867002/2024,3D MINERALS LTDA,MINÉRIO DE COBRE,AUTORIZAÇÃO DE PESQUISA,9921.14,264 - AUT PESQ/TAH - PAGAMENTO EFETUADO EM 29/01/2026,-9.3625,-57.7166
MT,867057/2024,3D MINERALS LTDA,MINÉRIO DE COBRE,AUTORIZAÇÃO DE PESQUISA,1469.58,264 - AUT PESQ/TAH - PAGAMENTO EFETUADO EM 06/01/2026,-9.4351,-56.3476
MT,867060/2024,3D MINERALS LTDA,FOSFATO,REQUERIMENTO DE PESQUISA,696.23,131 - REQ PESQ/EXIGÊNCIA PUBL EM 30/07/2026,-15.6449,-58.0263
MT,867059/2024,3D MINERALS LTDA,FOSFATO,REQUERIMENTO DE PESQUISA,963.24,131 - REQ PESQ/EXIGÊNCIA PUBL EM 30/07/2026,-15.6307,-58.0198
MT,867058/2024,3D MINERALS LTDA,MINÉRIO DE COBRE,AUTORIZAÇÃO DE PESQUISA,9908.32,264 - AUT PESQ/TAH - PAGAMENTO EFETUADO EM 26/01/2026,-9.8136,-56.2685
MT,866992/2024,3D MINERALS LTDA,OURO,REQUERIMENTO DE PESQUISA,9995.3,131 - REQ PESQ/EXIGÊNCIA PUBL EM 30/07/2026,-15.4339,-58.4212
MT,867025/2024,3D MINERALS LTDA,MINÉRIO DE COBRE,AUTORIZAÇÃO DE PESQUISA,3717.05,264 - AUT PESQ/TAH - PAGAMENTO EFETUADO EM 08/01/2026,-9.5222,-56.079
MT,866990/2024,3D MINERALS LTDA,OURO,REQUERIMENTO DE PESQUISA,9964.23,135 - REQ PESQ/CUMPRIMENTO EXIGÊNCIA PROTOC EM 04/06/2025,-15.5059,-58.4255
MT,867043/2024,3D MINERALS LTDA,MINÉRIO DE COBRE,AUTORIZAÇÃO DE PESQUISA,2635.47,264 - AUT PESQ/TAH - PAGAMENTO EFETUADO EM 07/01/2026,-9.3906,-56.8924
MT,867004/2024,3D MINERALS LTDA,MINÉRIO DE COBRE,AUTORIZAÇÃO DE PESQUISA,9782.9,264 - AUT PESQ/TAH - PAGAMENTO EFETUADO EM 09/01/2026,-9.5392,-57.0108
MT,867013/2024,3D MINERALS LTDA,MINÉRIO DE COBRE,AUTORIZAÇÃO DE PESQUISA,9923.6,264 - AUT PESQ/TAH - PAGAMENTO EFETUADO EM 29/01/2026,-9.2873,-57.6412
MT,867010/2024,3D MINERALS LTDA,MINÉRIO DE COBRE,AUTORIZAÇÃO DE PESQUISA,9910.97,264 - AUT PESQ/TAH - PAGAMENTO EFETUADO EM 27/01/2026,-9.7324,-56.9081
MT,866995/2024,3D MINERALS LTDA,OURO,REQUERIMENTO DE PESQUISA,9831.37,131 - REQ PESQ/EXIGÊNCIA PUBL EM 30/07/2026,-15.4012,-58.2851
MT,867122/2024,3D MINERALS LTDA,MINÉRIO DE COBRE,AUTORIZAÇÃO DE PESQUISA,2057.38,264 - AUT PESQ/TAH - PAGAMENTO EFETUADO EM 06/01/2026,-9.7435,-56.6146
MT,867131/2024,3D MINERALS LTDA,MINÉRIO DE FERRO,REQUERIMENTO DE PESQUISA,4458.93,136 - REQ PESQ/DOCUMENTO DIVERSO PROTOC EM 15/04/2025,-9.543,-56.7524
MT,867018/2024,3D MINERALS LTDA,MINÉRIO DE COBRE,AUTORIZAÇÃO DE PESQUISA,2857.08,264 - AUT PESQ/TAH - PAGAMENTO EFETUADO EM 07/01/2026,-9.5124,-57.8127
MT,867019/2024,3D MINERALS LTDA,MINÉRIO DE COBRE,AUTORIZAÇÃO DE PESQUISA,7717.18,264 - AUT PESQ/TAH - PAGAMENTO EFETUADO EM 08/01/2026,-9.4594,-56.9124
MT,867257/2024,3D MINERALS LTDA,OURO,REQUERIMENTO DE PESQUISA,9601.54,131 - REQ PESQ/EXIGÊNCIA PUBL EM 30/07/2026,-15.6319,-58.2976
MT,867029/2024,3D MINERALS LTDA,MINÉRIO DE COBRE,AUTORIZAÇÃO DE PESQUISA,9918.56,264 - AUT PESQ/TAH - PAGAMENTO EFETUADO EM 28/01/2026,-9.4617,-56.0031
MT,867045/2024,3D MINERALS LTDA,OURO,REQUERIMENTO DE PESQUISA,2416.95,131 - REQ PESQ/EXIGÊNCIA PUBL EM 30/07/2026,-15.3715,-58.3926
MT,867194/2024,3D MINERALS LTDA,MINÉRIO DE COBRE,AUTORIZAÇÃO DE PESQUISA,7378.0,264 - AUT PESQ/TAH - PAGAMENTO EFETUADO EM 14/07/2026,-9.5546,-56.0049
MT,867009/2024,3D MINERALS LTDA,MINÉRIO DE COBRE,AUTORIZAÇÃO DE PESQUISA,9913.41,264 - AUT PESQ/TAH - PAGAMENTO EFETUADO EM 27/01/2026,-9.6422,-56.9081
MT,867116/2024,3D MINERALS LTDA,MINÉRIO DE COBRE,AUTORIZAÇÃO DE PESQUISA,5129.42,249 - AUT PESQ/TRANSF DIREITOS-CESSÃO TOTAL PROTOC EM 03/09/2026,-9.6503,-55.6591
MT,867192/2024,3D MINERALS LTDA,MINÉRIO DE COBRE,AUTORIZAÇÃO DE PESQUISA,6203.3,249 - AUT PESQ/TRANSF DIREITOS-CESSÃO TOTAL PROTOC EM 03/09/2026,-9.7322,-55.7516
MT,867146/2024,3D MINERALS LTDA,MINÉRIO DE COBRE,AUTORIZAÇÃO DE PESQUISA,3218.23,249 - AUT PESQ/TRANSF DIREITOS-CESSÃO TOTAL PROTOC EM 03/09/2026,-9.6579,-56.024
MT,867053/2024,3D MINERALS LTDA,MINÉRIO DE COBRE,AUTORIZAÇÃO DE PESQUISA,9916.04,264 - AUT PESQ/TAH - PAGAMENTO EFETUADO EM 16/07/2026,-9.552,-59.1135
MT,867048/2024,3D MINERALS LTDA,MINÉRIO DE COBRE,AUTORIZAÇÃO DE PESQUISA,9199.64,264 - AUT PESQ/TAH - PAGAMENTO EFETUADO EM 15/07/2026,-9.6289,-59.0139
MT,867022/2024,3D MINERALS LTDA,TERRAS RARAS,AUTORIZAÇÃO DE PESQUISA,9918.68,264 - AUT PESQ/TAH - PAGAMENTO EFETUADO EM 28/01/2026,-9.4617,-59.3851
MT,867011/2024,3D MINERALS LTDA,MINÉRIO DE COBRE,AUTORIZAÇÃO DE PESQUISA,9926.17,264 - AUT PESQ/TAH - PAGAMENTO EFETUADO EM 29/01/2026,-9.1911,-57.6322
MT,867153/2024,3D MINERALS LTDA,MINÉRIO DE COBRE,AUTORIZAÇÃO DE PESQUISA,5388.65,264 - AUT PESQ/TAH - PAGAMENTO EFETUADO EM 08/01/2026,-9.7229,-56.5571
MT,867148/2024,3D MINERALS LTDA,MINÉRIO DE COBRE,AUTORIZAÇÃO DE PESQUISA,7055.46,264 - AUT PESQ/TAH - PAGAMENTO EFETUADO EM 14/07/2026,-9.8207,-56.3789
MT,867244/2024,3D MINERALS LTDA,MINÉRIO DE COBRE,AUTORIZAÇÃO DE PESQUISA,6212.86,264 - AUT PESQ/TAH - PAGAMENTO EFETUADO EM 14/07/2026,-9.525,-58.0074
MT,867259/2024,3D MINERALS LTDA,OURO,REQUERIMENTO DE PESQUISA,9650.89,131 - REQ PESQ/EXIGÊNCIA PUBL EM 30/07/2026,-15.5375,-58.5165
MT,867265/2024,3D MINERALS LTDA,CASSITERITA,AUTORIZAÇÃO DE PESQUISA,719.84,264 - AUT PESQ/TAH - PAGAMENTO EFETUADO EM 02/07/2026,-9.3322,-61.1473
MT,867193/2024,3D MINERALS LTDA,MÁRMORE,REQUERIMENTO DE PESQUISA,541.94,157 - REQ PESQ/DESISTÊNCIA REQUERIMENTO PESQUISA HOMOLOGADA PUBL EM 24/07/2026,-15.5773,-57.9896
MT,867262/2024,3D MINERALS LTDA,FOSFATO,REQUERIMENTO DE PESQUISA,104.84,157 - REQ PESQ/DESISTÊNCIA REQUERIMENTO PESQUISA HOMOLOGADA PUBL EM 27/06/2025,-15.5662,-57.9852
MT,867264/2024,3D MINERALS LTDA,CASSITERITA,AUTORIZAÇÃO DE PESQUISA,3998.32,264 - AUT PESQ/TAH - PAGAMENTO EFETUADO EM 07/07/2026,-9.4711,-61.4122
MT,867247/2024,3D MINERALS LTDA,MINÉRIO DE COBRE,AUTORIZAÇÃO DE PESQUISA,1410.89,264 - AUT PESQ/TAH - PAGAMENTO EFETUADO EM 02/07/2026,-9.8214,-56.6824
MT,867258/2024,3D MINERALS LTDA,OURO,REQUERIMENTO DE PESQUISA,9798.37,131 - REQ PESQ/EXIGÊNCIA PUBL EM 30/07/2026,-15.6362,-58.3818
MT,867031/2024,3D MINERALS LTDA,MINÉRIO DE COBRE,AUTORIZAÇÃO DE PESQUISA,9910.91,264 - AUT PESQ/TAH - PAGAMENTO EFETUADO EM 27/01/2026,-9.7324,-56.8176
MT,867042/2024,3D MINERALS LTDA,MINÉRIO DE COBRE,AUTORIZAÇÃO DE PESQUISA,8655.63,249 - AUT PESQ/TRANSF DIREITOS-CESSÃO TOTAL PROTOC EM 03/09/2026,-9.7324,-56.089
MT,867041/2024,3D MINERALS LTDA,MINÉRIO DE COBRE,AUTORIZAÇÃO DE PESQUISA,2190.16,249 - AUT PESQ/TRANSF DIREITOS-CESSÃO TOTAL PROTOC EM 03/09/2026,-9.6553,-55.9302
MT,867150/2024,3D MINERALS LTDA,OURO,REQUERIMENTO DE PESQUISA,7345.55,135 - REQ PESQ/CUMPRIMENTO EXIGÊNCIA PROTOC EM 04/06/2025,-15.2068,-58.4091
MT,867188/2024,3D MINERALS LTDA,OURO,REQUERIMENTO DE PESQUISA,2076.77,135 - REQ PESQ/CUMPRIMENTO EXIGÊNCIA PROTOC EM 04/06/2025,-15.2797,-58.3926
MT,867260/2024,3D MINERALS LTDA,FOSFATO,REQUERIMENTO DE PESQUISA,1578.62,135 - REQ PESQ/CUMPRIMENTO EXIGÊNCIA PROTOC EM 04/06/2025,-15.7188,-58.0635
MT,867270/2024,3D MINERALS LTDA,MINÉRIO DE COBRE,AUTORIZAÇÃO DE PESQUISA,489.99,209 - AUT PESQ/INÍCIO DE PESQUISA COMUNICADO PROTOC EM 19/08/2026,-9.847,-56.4236
MT,867162/2024,3D MINERALS LTDA,FOSFATO,REQUERIMENTO DE PESQUISA,3828.64,135 - REQ PESQ/CUMPRIMENTO EXIGÊNCIA PROTOC EM 04/06/2025,-15.7587,-58.1078
MT,867243/2024,3D MINERALS LTDA,MINÉRIO DE COBRE,AUTORIZAÇÃO DE PESQUISA,7493.77,278 - AUT PESQ/RENÚNCIA AUTORIZAÇÃO PESQUISA PROTOC EM 01/04/2026,-9.5653,-58.1039
MT,867245/2024,3D MINERALS LTDA,MINÉRIO DE COBRE,AUTORIZAÇÃO DE PESQUISA,3906.79,264 - AUT PESQ/TAH - PAGAMENTO EFETUADO EM 06/07/2026,-9.8193,-56.6243
MT,867248/2024,3D MINERALS LTDA,MINÉRIO DE COBRE,AUTORIZAÇÃO DE PESQUISA,4108.84,264 - AUT PESQ/TAH - PAGAMENTO EFETUADO EM 07/07/2026,-9.7988,-56.4968
MT,867201/2024,3D MINERALS LTDA,MINÉRIO DE OURO,REQUERIMENTO DE PESQUISA,7177.86,135 - REQ PESQ/CUMPRIMENTO EXIGÊNCIA PROTOC EM 04/06/2025,-15.8249,-58.3416
MT,867023/2024,3D MINERALS LTDA,TERRAS RARAS,AUTORIZAÇÃO DE PESQUISA,9918.56,264 - AUT PESQ/TAH - PAGAMENTO EFETUADO EM 28/01/2026,-9.4617,-59.2221
MT,866964/2025,3D MINERALS LTDA,MINÉRIO DE COBRE,AUTORIZAÇÃO DE PESQUISA,9908.36,278 - AUT PESQ/RENÚNCIA AUTORIZAÇÃO PESQUISA PROTOC EM 01/04/2026,-9.8226,-57.3787
MT,866962/2025,3D MINERALS LTDA,MINÉRIO DE COBRE,AUTORIZAÇÃO DE PESQUISA,7228.94,264 - AUT PESQ/TAH - PAGAMENTO EFETUADO EM 08/01/2026,-9.9209,-56.4477
MT,867246/2025,3D MINERALS LTDA,MINÉRIO DE COBRE,REQUERIMENTO DE PESQUISA,0.19,100 - REQ PESQ/REQUERIMENTO PESQUISA PROTOC EM 07/10/2025,-9.5037,-56.6906
MT,866963/2025,3D MINERALS LTDA,MINÉRIO DE COBRE,AUTORIZAÇÃO DE PESQUISA,9908.23,278 - AUT PESQ/RENÚNCIA AUTORIZAÇÃO PESQUISA PROTOC EM 01/04/2026,-9.8226,-57.2882
MT,867244/2025,3D MINERALS LTDA,MINÉRIO DE COBRE,REQUERIMENTO DE PESQUISA,101.67,100 - REQ PESQ/REQUERIMENTO PESQUISA PROTOC EM 07/10/2025,-9.4288,-56.7902
MT,867246/2025,3D MINERALS LTDA,MINÉRIO DE COBRE,REQUERIMENTO DE PESQUISA,1513.54,100 - REQ PESQ/REQUERIMENTO PESQUISA PROTOC EM 07/10/2025,-9.5268,-56.7394
MT,867248/2025,3D MINERALS LTDA,MINÉRIO DE COBRE,AUTORIZAÇÃO DE PESQUISA,198.87,264 - AUT PESQ/TAH - PAGAMENTO EFETUADO EM 05/01/2026,-9.6518,-56.0786
MT,867247/2025,3D MINERALS LTDA,MINÉRIO DE COBRE,REQUERIMENTO DE PESQUISA,309.77,100 - REQ PESQ/REQUERIMENTO PESQUISA PROTOC EM 07/10/2025,-9.6222,-56.6715
MT,867244/2025,3D MINERALS LTDA,MINÉRIO DE COBRE,REQUERIMENTO DE PESQUISA,1700.7,100 - REQ PESQ/REQUERIMENTO PESQUISA PROTOC EM 07/10/2025,-9.4404,-56.8083
MT,867245/2025,3D MINERALS LTDA,MINÉRIO DE COBRE,REQUERIMENTO DE PESQUISA,1296.24,100 - REQ PESQ/REQUERIMENTO PESQUISA PROTOC EM 07/10/2025,-9.4642,-56.7331
MT,867245/2025,3D MINERALS LTDA,MINÉRIO DE COBRE,REQUERIMENTO DE PESQUISA,450.22,100 - REQ PESQ/REQUERIMENTO PESQUISA PROTOC EM 07/10/2025,-9.4753,-56.7517
MT,867247/2025,3D MINERALS LTDA,MINÉRIO DE COBRE,REQUERIMENTO DE PESQUISA,93.77,100 - REQ PESQ/REQUERIMENTO PESQUISA PROTOC EM 07/10/2025,-9.6154,-56.6876
MT,867245/2025,3D MINERALS LTDA,MINÉRIO DE COBRE,REQUERIMENTO DE PESQUISA,0.04,100 - REQ PESQ/REQUERIMENTO PESQUISA PROTOC EM 07/10/2025,-9.4404,-56.7813
MT,867247/2025,3D MINERALS LTDA,MINÉRIO DE COBRE,REQUERIMENTO DE PESQUISA,40.07,100 - REQ PESQ/REQUERIMENTO PESQUISA PROTOC EM 07/10/2025,-9.5924,-56.6924
MT,867250/2025,3D MINERALS LTDA,MINÉRIO DE COBRE,AUTORIZAÇÃO DE PESQUISA,232.03,264 - AUT PESQ/TAH - PAGAMENTO EFETUADO EM 05/01/2026,-9.6492,-55.5883
MT,867246/2025,3D MINERALS LTDA,MINÉRIO DE COBRE,REQUERIMENTO DE PESQUISA,621.98,100 - REQ PESQ/REQUERIMENTO PESQUISA PROTOC EM 07/10/2025,-9.5676,-56.7212
MT,867243/2025,3D MINERALS LTDA,MINÉRIO DE COBRE,AUTORIZAÇÃO DE PESQUISA,1051.81,264 - AUT PESQ/TAH - PAGAMENTO EFETUADO EM 02/07/2026,-9.2892,-57.4551
MT,867249/2025,3D MINERALS LTDA,MINÉRIO DE COBRE,AUTORIZAÇÃO DE PESQUISA,1716.73,264 - AUT PESQ/TAH - PAGAMENTO EFETUADO EM 03/07/2026,-9.6243,-55.694
MT,867251/2024,3D MINERALS LTDA,OURO,REQUERIMENTO DE PESQUISA,6683.86,131 - REQ PESQ/EXIGÊNCIA PUBL EM 30/07/2026,-15.4009,-58.3598
PB,846360/2024,3D MINERALS LTDA,GRANITO,REQUERIMENTO DE LAVRA,771.41,2805 - REQ LAV/EXIGÊNCIA PRAZO OFÍCIO PUBL EM 24/08/2026,-6.8546,-36.957
