dist_km,NOME,SUBS,FASE,AREA_HA,PROCESSO,lat,lon
0.3,WAGNER COLOMBAROLLI,TOPÁZIO,DISPONIBILIDADE,181.04,831081/1980,-20.4213,-43.633
0.5,JOSÉ RIBEIRO PENIDO,TOPÁZIO,REQUERIMENTO DE LAVRA GARIMPEIRA,49.98,830070/1999,-20.4209,-43.6347
0.6,Topazio Imperial Mineração Comercio e Industria Ltda,FERRO,CONCESSÃO DE LAVRA,78.78,291701/1936,-20.4161,-43.626
0.6,Enrico Guarneri Ltda,CALCÁRIO,CONCESSÃO DE LAVRA,30.08,5385/1944,-20.4205,-43.6361
0.7,LUIS CARLOS BATISTA SA,MINÉRIO DE OURO,REQUERIMENTO DE PESQUISA,7.19,833027/2007,-20.4145,-43.6277
0.7,MACARANI MINERACAO S A,CALCÁRIO CALCÍTICO,REQUERIMENTO DE PESQUISA,52.72,830375/2014,-20.4205,-43.6365
0.9,Protasio de Melo Penna,MINÉRIO DE OURO,REQUERIMENTO DE PESQUISA,1941.71,831743/2012,-20.4118,-43.6302
1.0,ESPOLIO DE SERAFIM DA SILVA GOMES,FERRO,CONCESSÃO DE LAVRA,51.54,2917/1936,-20.4197,-43.6201
1.2,Topazio Imperial Mineração Comercio e Industria Ltda,GEMA,AUTORIZAÇÃO DE PESQUISA,24.84,832784/1989,-20.4241,-43.6195
1.3,Protasio de Melo Penna,MINÉRIO DE OURO,REQUERIMENTO DE PESQUISA,2000.0,830650/2008,-20.4085,-43.6331
1.3,MINERAÇÃO SERRA DO ITATIAIA LTDA,TOPÁZIO,REQUERIMENTO DE LAVRA,125.76,803773/1978,-20.424,-43.6181
1.4,LUIS CARLOS BATISTA SA,MINÉRIO DE OURO,REQUERIMENTO DE PESQUISA,20.16,833027/2007,-20.4077,-43.6306
1.6,DADO NÃO CADASTRADO,DADO NÃO CADASTRADO,DISPONIBILIDADE,56.73,300689/2023,-20.4133,-43.6159
1.7,EMPRESA DE MINERACAO SIQUEIRA E IRMAOS LTDA,TOPÁZIO,REQUERIMENTO DE LAVRA,99.07,830635/1992,-20.4071,-43.638
1.8,LUIS CARLOS BATISTA SA,MINÉRIO DE OURO,REQUERIMENTO DE PESQUISA,91.11,833027/2007,-20.41,-43.6433
1.9,Topazio Imperial Mineração Comercio e Industria Ltda,TOPÁZIO,CONCESSÃO DE LAVRA,349.1,800645/1971,-20.4307,-43.6436
1.9,RICARDO NORBERTO RIBEIRO,MINÉRIO DE OURO,AUTORIZAÇÃO DE PESQUISA,234.97,830542/2005,-20.4372,-43.6276
1.9,Opps Comércio e Exportação Ltda.,TOPÁZIO,DISPONIBILIDADE,20.52,831307/1980,-20.4092,-43.6445
2.0,TERRATIVA MINERAIS LTDA,MINÉRIO DE FERRO,REQUERIMENTO DE PESQUISA,59.75,834882/2008,-20.4017,-43.6278
2.1,Topazio Imperial Mineração Comercio e Industria Ltda,TOPÁZIO,CONCESSÃO DE LAVRA,163.48,800214/1978,-20.4232,-43.6104
2.1,RICARDO NORBERTO RIBEIRO,TOPÁZIO,REQUERIMENTO DE LAVRA,77.29,831837/2004,-20.4141,-43.6109
2.2,Topazio Imperial Mineração Comercio e Industria Ltda,TOPÁZIO,CONCESSÃO DE LAVRA,62.78,827501/1972,-20.4129,-43.65
2.2,GERALDO EDUARDO CARDOSO RODRIGUES,MINÉRIO DE OURO,AUTORIZAÇÃO DE PESQUISA,48.41,830666/2005,-20.4021,-43.6219
2.3,Recursos Minerais do Brasil S.a,MINÉRIO DE FERRO,REQUERIMENTO DE PESQUISA,6.01,830738/2010,-20.4197,-43.6522
2.4,Topazio Imperial Mineração Comercio e Industria Ltda,TOPÁZIO,CONCESSÃO DE LAVRA,4.29,830689/1980,-20.4131,-43.6521
2.6,Topazio Imperial Mineração Comercio e Industria Ltda,TOPÁZIO,CONCESSÃO DE LAVRA,44.37,804805/1976,-20.4159,-43.6544
2.7,Topazio Imperial Mineração Comercio e Industria Ltda,GEMA,CONCESSÃO DE LAVRA,22.77,830687/1980,-20.4185,-43.6555
2.7,THIAGO DE CASTRO SOUSA,MINÉRIO DE FERRO,DISPONIBILIDADE,21.19,831270/2008,-20.4012,-43.647
2.9,"Brasroma Mineração, Comércio e Indústria Ltda",DOLOMITO,DISPONIBILIDADE,29.49,836643/1994,-20.3937,-43.6299
3.0,ESPOLIO DE SERAFIM DA SILVA GOMES,TOPÁZIO,CONCESSÃO DE LAVRA,63.73,2916/1936,-20.4281,-43.6573
3.0,Bohrer Comercio Mineraçao Ltda,TOPÁZIO,REQUERIMENTO DE LAVRA,164.9,803185/1977,-20.3959,-43.6178
3.0,MINERAÇÃO CARRILHO LTDA,MANGANÊS,CONCESSÃO DE LAVRA,168.0,805642/1971,-20.4289,-43.6025
3.0,Topazio Imperial Mineração Comercio e Industria Ltda,TOPÁZIO IMPERIAL,AUTORIZAÇÃO DE PESQUISA,14.32,832783/1989,-20.4348,-43.6538
3.0,TERRATIVA MINERAIS LTDA,MINÉRIO DE FERRO,REQUERIMENTO DE PESQUISA,160.94,831644/2009,-20.3962,-43.6428
3.0,DADO NÃO CADASTRADO,DADO NÃO CADASTRADO,DISPONIBILIDADE,4.48,300704/2020,-20.4255,-43.6581
3.1,GERDAU ACOMINAS S/A,MINÉRIO DE FERRO,REQUERIMENTO DE LAVRA,1.6,830158/2007,-20.4272,-43.6589
3.2,TERRATIVA MINERAIS LTDA,MINÉRIO DE FERRO,REQUERIMENTO DE PESQUISA,560.03,834749/2008,-20.4041,-43.656
3.2,GERDAU ACOMINAS S/A,MINÉRIO DE FERRO,REQUERIMENTO DE LAVRA,7.97,830159/2007,-20.4246,-43.6601
3.2,MINERACAO SANTA CRUZ LTDA,TOPÁZIO,REQUERIMENTO DE LAVRA,6.15,830873/2002,-20.4302,-43.6586
3.3,José Roberto de Souza Lima,MÁRMORE,REQUERIMENTO DE PESQUISA,16.3,833806/2006,-20.413,-43.6607
3.4,MINERACAO SANTA CRUZ LTDA,MINÉRIO DE MANGANÊS,AUTORIZAÇÃO DE PESQUISA,8.47,832046/2006,-20.4335,-43.6594
3.4,AGUA NOVA PESQUISAS MINERAIS LTDA,MINÉRIO DE OURO,AUTORIZAÇÃO DE PESQUISA,314.41,831584/2006,-20.445,-43.6116
3.5,THIAGO DE CASTRO SOUSA,MINÉRIO DE FERRO,DISPONIBILIDADE,79.37,831270/2008,-20.3941,-43.6489
3.8,ILAN AKHERMAN,MINÉRIO DE FERRO,REQUERIMENTO DE PESQUISA,557.96,834777/2008,-20.406,-43.6636
3.8,GERDAU ACOMINAS S/A,MANGANÊS,CONCESSÃO DE LAVRA,40.0,724/1942,-20.4373,-43.6613
3.8,GERDAU ACOMINAS S/A,MINÉRIO DE FERRO,REQUERIMENTO DE LAVRA,13.61,832090/2005,-20.4394,-43.6601
3.8,AGUA NOVA PESQUISAS MINERAIS LTDA,MINÉRIO DE OURO,AUTORIZAÇÃO DE PESQUISA,1.62,831584/2006,-20.4532,-43.6229
3.8,RICARDO NORBERTO RIBEIRO,MINÉRIO DE OURO,DISPONIBILIDADE,342.8,830819/1998,-20.4108,-43.5946
3.9,ISHIZO EMPREENDIMENTOPARTICIPAÇÕES LTDA,GRANADA,REQUERIMENTO DE LAVRA,403.48,806794/1977,-20.4548,-43.6367
4.1,VALE S.A.,MINÉRIO DE FERRO,AUTORIZAÇÃO DE PESQUISA,206.04,833282/2007,-20.3917,-43.6546
4.1,TERRATIVA MINERAIS LTDA,MINÉRIO DE FERRO,REQUERIMENTO DE PESQUISA,1050.09,830087/2009,-20.3897,-43.6519
4.1,VALE S.A.,MINÉRIO DE FERRO,REQUERIMENTO DE LAVRA,196.05,832594/2005,-20.387,-43.6487
4.1,VITORIA EMPREENDIMENTOS MINERACAO IMPORTACAO E EXPORTACAO DE MINERIOS LTDA,MINÉRIO DE FERRO,REQUERIMENTO DE PESQUISA,995.55,831794/2024,-20.4003,-43.5963
4.1,RNW MINERACAO E EXPORTACAO LTDA,MINÉRIO DE OURO,AUTORIZAÇÃO DE PESQUISA,9.65,831325/2005,-20.4562,-43.6224
4.1,NIVA COMERCIAL EXPORTADORA E IMPORTADORA LTDA,TOPÁZIO,REQUERIMENTO DE LAVRA,351.8,834745/1994,-20.4452,-43.659
4.2,GERDAU ACOMINAS S/A,MINÉRIO DE FERRO,REQUERIMENTO DE LAVRA,36.23,830160/2007,-20.4274,-43.6696
4.2,DADO NÃO CADASTRADO,DADO NÃO CADASTRADO,DISPONIBILIDADE,102.63,300152/2018,-20.3969,-43.5981
4.3,AGUA NOVA PESQUISAS MINERAIS LTDA,MINÉRIO DE OURO,AUTORIZAÇÃO DE PESQUISA,2.25,831584/2006,-20.4579,-43.6212
4.4,W T JUNIOR,QUARTZO,AUTORIZAÇÃO DE PESQUISA,135.88,833210/2013,-20.4591,-43.6379
4.4,VALE S.A.,MINÉRIO DE FERRO,APTO PARA DISPONIBILIDADE,1108.98,832677/2007,-20.3823,-43.6181
4.5,Bemil Beneficiamento de Minérios Ltda,CALCÁRIO,CONCESSÃO DE LAVRA,48.88,397/1942,-20.3798,-43.627
4.5,INGO GUSTAV WENDER,MINÉRIO DE FERRO,REQUERIMENTO DE PESQUISA,20.35,833303/2006,-20.3939,-43.6627
4.6,RNW MINERACAO E EXPORTACAO LTDA,MINÉRIO DE OURO,AUTORIZAÇÃO DE PESQUISA,6.75,830018/2022,-20.4608,-43.6231
4.6,"Brasroma Mineração, Comércio e Indústria Ltda",QUARTZO,REQUERIMENTO DE PESQUISA,343.53,832978/2012,-20.4446,-43.5941
4.8,MINERACAO SANTA CRUZ LTDA,TOPÁZIO,CONCESSÃO DE LAVRA,193.45,830046/1985,-20.4334,-43.6738
4.8,GERDAU ACOMINAS S/A,MINÉRIO DE FERRO,REQUERIMENTO DE LAVRA,13.97,831640/2003,-20.4441,-43.668
4.8,THIAGO DE CASTRO SOUSA,MINÉRIO DE FERRO,DISPONIBILIDADE,6.89,831270/2008,-20.4029,-43.6724
4.9,GERDAU ACOMINAS S/A,MINÉRIO DE FERRO,REQUERIMENTO DE LAVRA,69.52,833209/2006,-20.4344,-43.6749
5.0,TERRATIVA MINERAIS LTDA,MINÉRIO DE FERRO,REQUERIMENTO DE PESQUISA,761.46,831820/2011,-20.3868,-43.6624
5.0,"GOLD MINERACAO, PARTICIPACOES E EMPREENDIMENTOS S/A",MINÉRIO DE FERRO,REQUERIMENTO DE PESQUISA,854.24,831049/2017,-20.4297,-43.5835
5.0,BWJ QUARTZO DO BRASIL LTDA.-ME,QUARTZO,REQUERIMENTO DE LAVRA,30.37,833073/2011,-20.4608,-43.6507
5.0,PAROQUIA DE NOSSA SENHORA DO PILAR,TOPÁZIO,CONCESSÃO DE LAVRA,317.59,3168/1935,-20.4217,-43.582
5.0,CBRT PARTICIPACOES LTDA,MINÉRIO DE FERRO,AUTORIZAÇÃO DE PESQUISA,1.36,832330/2024,-20.429,-43.677
5.1,Bemil Beneficiamento de Minérios Ltda,TOPÁZIO,REQUERIMENTO DE LAVRA,80.5,834407/2007,-20.3773,-43.6124
5.1,INFOGEO SERVICOS E LOCACOES LTDA,MINÉRIO DE FERRO,DISPONIBILIDADE,12.96,834700/1993,-20.3838,-43.6605
5.1,DADO NÃO CADASTRADO,DADO NÃO CADASTRADO,DISPONIBILIDADE,215.63,300975/2023,-20.3755,-43.6425
5.2,MINERACAO SANTA CRUZ LTDA,MINÉRIO DE FERRO,DISPONIBILIDADE,208.75,832406/2011,-20.4626,-43.6514
5.3,RS MINERACAO LTDA,MINÉRIO DE FERRO,CONCESSÃO DE LAVRA,97.6,832414/2007,-20.3973,-43.5848
5.3,NEO MINERALS SA,MINÉRIO DE FERRO,AUTORIZAÇÃO DE PESQUISA,2.59,831196/2022,-20.4071,-43.5805
5.3,Arlei Pinto da Silva,QUARTZO,AUTORIZAÇÃO DE PESQUISA,80.15,832101/2022,-20.4502,-43.6693
5.3,GERDAU ACOMINAS S/A,MINÉRIO DE FERRO,REQUERIMENTO DE LAVRA,57.75,832044/2006,-20.4394,-43.6762
5.4,PAGEOMIN - PROJETOS DE GEOLOGIA E MINERACAO EIRELI,MINÉRIO DE FERRO,AUTORIZAÇÃO DE PESQUISA,5.68,831422/2021,-20.4068,-43.5798
5.4,Vdl Participações Ltda,MINÉRIO DE FERRO,REQUERIMENTO DE PESQUISA,1714.06,831445/2012,-20.4471,-43.5872
5.5,VALE S.A.,MINÉRIO DE FERRO,AUTORIZAÇÃO DE PESQUISA,472.23,833589/2004,-20.3889,-43.6708
5.5,Protasio de Melo Penna,MINÉRIO DE OURO,REQUERIMENTO DE PESQUISA,1981.99,831645/2009,-20.379,-43.6602
5.5,MINERACAO SANTA CRUZ LTDA,TOPÁZIO,REQUERIMENTO DE LAVRA,3.17,833524/2004,-20.4303,-43.6817
5.5,TELMO NAMEN LOPES FILHO,OURO,AUTORIZAÇÃO DE PESQUISA,32.59,831060/2021,-20.466,-43.6505
5.5,DADO NÃO CADASTRADO,DADO NÃO CADASTRADO,DISPONIBILIDADE,184.89,300890/2025,-20.4682,-43.6403
5.6,Enrico Guarneri Ltda,MÁRMORE,CONCESSÃO DE LAVRA,43.77,1389/1942,-20.4123,-43.6832
5.6,ESPOLIO DE SERAFIM DA SILVA GOMES,FERRO,CONCESSÃO DE LAVRA,834.3,2918/1936,-20.4322,-43.6822
5.7,MINERACAO SANTA CRUZ LTDA,TOPÁZIO,REQUERIMENTO DE LAVRA,1.92,832050/2006,-20.4326,-43.6836
5.7,CERTA PARTICIPACOES E INTERMEDIACOES LTDA,MINÉRIO DE FERRO,AUTORIZAÇÃO DE PESQUISA,133.47,831793/2024,-20.3957,-43.5813
5.7,THIAGO DE CASTRO SOUSA,MINÉRIO DE FERRO,DISPONIBILIDADE,54.81,831270/2008,-20.3802,-43.664
5.8,Mineração Maracujá Comércio e Indústria de Minerais Ltda Me,TOPÁZIO,CONCESSÃO DE LAVRA,49.55,833226/2006,-20.3756,-43.6598
5.8,GERDAU ACOMINAS S/A,FERRO,CONCESSÃO DE LAVRA,146.3,3237/1936,-20.4513,-43.6752
5.9,José Roberto de Souza Lima,MÁRMORE,REQUERIMENTO DE PESQUISA,32.93,833806/2006,-20.4075,-43.6848
5.9,MINERIOS E JAZIDAS MINERAIS FME LTDA,GRANITO,REQUERIMENTO DE PESQUISA,44.08,831573/2013,-20.3871,-43.6739
5.9,TERRATIVA MINERAIS LTDA,MINÉRIO DE FERRO,AUTORIZAÇÃO DE PESQUISA,261.71,830003/2012,-20.413,-43.6866
5.9,MINERACAO SANTA CRUZ LTDA,TOPÁZIO,REQUERIMENTO DE LAVRA,0.05,832049/2006,-20.4372,-43.684
5.9,MINERACAO SANTA CRUZ LTDA,TOPÁZIO,REQUERIMENTO DE LAVRA,1.86,832049/2006,-20.4351,-43.6846
6.0,MINERACAO TRES CRUZES LTDA,MINÉRIO DE FERRO,AUTORIZAÇÃO DE PESQUISA,1.93,832870/2023,-20.3886,-43.5831
6.1,ANVIGEPI PARTICIPACOES SOCIETARIAS LTDA,MINÉRIO DE FERRO,REQUERIMENTO DE LAVRA,69.42,831777/2009,-20.4735,-43.6416
6.3,GERDAU ACOMINAS S/A,MINÉRIO DE FERRO,REQUERIMENTO DE LAVRA,68.36,830475/2007,-20.4222,-43.6907
6.3,INFOGEO SERVICOS E LOCACOES LTDA,MINÉRIO DE FERRO,DISPONIBILIDADE,212.89,834700/1993,-20.3848,-43.6779
6.4,"Brasroma Mineração, Comércio e Indústria Ltda",QUARTZO,REQUERIMENTO DE PESQUISA,257.95,833511/2012,-20.4512,-43.5784
6.5,MINERACAO & TRANSPORTE ROSA DO VALE LTDA,MINÉRIO DE OURO,AUTORIZAÇÃO DE PESQUISA,269.3,831621/2019,-20.3612,-43.628
6.5,MINERACAO GUARACIABA LTDA,MINÉRIO DE FERRO,AUTORIZAÇÃO DE PESQUISA,34.91,830953/2020,-20.3627,-43.6165
6.8,MINERACAO TRES CRUZES LTDA,MINÉRIO DE FERRO,CONCESSÃO DE LAVRA,346.53,43309/1956,-20.3973,-43.5695
6.8,COMPANHIA SIDERURGICA NACIONAL,FERRO MANGANÊS,REQUERIMENTO DE PESQUISA,545.13,433091/1956,-20.4366,-43.5672
6.8,MINERIOS E JAZIDAS MINERAIS FME LTDA,MINÉRIO DE FERRO,REQUERIMENTO DE PESQUISA,39.7,832390/2016,-20.4238,-43.6953
6.8,GERDAU ACOMINAS S/A,MINÉRIO DE FERRO,CONCESSÃO DE LAVRA,428.06,4620/1946,-20.4446,-43.6899
7.0,ADMITEC SERVICOS LTDA,MINÉRIO DE FERRO,AUTORIZAÇÃO DE PESQUISA,41.67,832010/2024,-20.3788,-43.579
7.2,WALTER JOSÉ DO AMARAL,ÁGUA MINERAL,AUTORIZAÇÃO DE PESQUISA,39.16,830672/2001,-20.3773,-43.5777
7.2,HG MINERACAO S/A,MINÉRIO DE FERRO,CONCESSÃO DE LAVRA,17.05,433093/1956,-20.3729,-43.5827
7.3,MINERACAO TRES CRUZES LTDA,MINÉRIO DE FERRO,DIREITO DE REQUERER A LAVRA,76.32,831385/2009,-20.3819,-43.573
7.3,GERDAU ACOMINAS S/A,FERRO,CONCESSÃO DE LAVRA,148.99,4575/1935,-20.4386,-43.6975
7.4,Recursos Minerais do Brasil S.a,MINÉRIO DE OURO,REQUERIMENTO DE PESQUISA,548.31,830505/2010,-20.4235,-43.5592
7.4,HG MINERACAO S/A,MINÉRIO DE FERRO,DIREITO DE REQUERER A LAVRA,3.39,831026/2019,-20.3712,-43.5817
7.4,RICARDO NORBERTO RIBEIRO,MINÉRIO DE OURO,AUTORIZAÇÃO DE PESQUISA,150.49,833166/2004,-20.4865,-43.6274
7.5,KARINA ALMEIDA DO AMARAL,ÁGUA MINERAL,AUTORIZAÇÃO DE PESQUISA,1.76,830713/2007,-20.3794,-43.5726
7.5,Mineração Granduvale Ltda,MINÉRIO DE FERRO,REQUERIMENTO DE LAVRA,320.46,830988/2005,-20.4157,-43.7024
7.5,DADO NÃO CADASTRADO,DADO NÃO CADASTRADO,DISPONIBILIDADE,0.78,300852/2025,-20.4281,-43.7014
7.6,THIAGO DE CASTRO SOUSA,MINÉRIO DE FERRO,REQUERIMENTO DE PESQUISA,213.07,833577/2007,-20.3854,-43.6927
7.6,PRADHA PARTICIPACOES LTDA,MINÉRIO DE FERRO,CONCESSÃO DE LAVRA,34.1,433094/1956,-20.3715,-43.5784
7.7,"Brasroma Mineração, Comércio e Indústria Ltda",MINÉRIO DE OURO,AUTORIZAÇÃO DE PESQUISA,388.75,832086/2003,-20.4251,-43.5565
7.7,Mineração Monte Verde Ltda.,ESTEATITO,AUTORIZAÇÃO DE PESQUISA,97.8,831684/2001,-20.4865,-43.6088
7.7,DADO NÃO CADASTRADO,DADO NÃO CADASTRADO,DISPONIBILIDADE,337.91,300707/2021,-20.4866,-43.6501
7.8,José Francisco Pereira da Silva de Pádua,MINÉRIO DE FERRO,REQUERIMENTO DE PESQUISA,31.35,830929/2009,-20.3496,-43.6234
7.8,CBRT PARTICIPACOES LTDA,MINÉRIO DE FERRO,AUTORIZAÇÃO DE PESQUISA,3.16,830398/2022,-20.3844,-43.5652
7.8,ALUIZIO ALFREDO ALVES DUTRA,MINÉRIO DE FERRO,REQUERIMENTO DE PESQUISA,774.39,832610/2009,-20.3998,-43.5583
7.9,BHP BILLITON BRASIL LTDA.,MINÉRIO DE FERRO,AUTORIZAÇÃO DE PESQUISA,108.79,831525/2004,-20.3726,-43.5738
7.9,CALBRAX CALCARIO AGRICOLA LTDA,MINÉRIO DE FERRO,AUTORIZAÇÃO DE PESQUISA,56.2,832820/2021,-20.4037,-43.7035
7.9,Edilson Corrêa Mariani,MINÉRIO DE FERRO,REQUERIMENTO DE PESQUISA,59.47,831547/2009,-20.461,-43.5674
8.0,ISHIZO EMPREENDIMENTOPARTICIPAÇÕES LTDA,TOPÁZIO,REQUERIMENTO DE LAVRA,50.0,830122/1981,-20.4278,-43.706
8.0,José Francisco Pereira da Silva de Pádua,MINÉRIO DE FERRO,REQUERIMENTO DE PESQUISA,1.87,830929/2009,-20.3538,-43.6007
8.0,BHP BILLITON BRASIL LTDA.,MINÉRIO DE FERRO,AUTORIZAÇÃO DE PESQUISA,965.66,831546/2002,-20.362,-43.5848
8.0,MG DRILL DETONACOES E PERFURACOES LTDA,MINÉRIO DE FERRO,REQUERIMENTO DE PESQUISA,92.9,830812/2012,-20.3686,-43.6845
8.0,ADMITEC SERVICOS LTDA,MINÉRIO DE FERRO,AUTORIZAÇÃO DE PESQUISA,46.56,832011/2024,-20.3833,-43.564
8.0,"GOLD MINERACAO, PARTICIPACOES E EMPREENDIMENTOS S/A",MINÉRIO DE FERRO,REQUERIMENTO DE PESQUISA,545.34,834268/2008,-20.4268,-43.5535
8.1,EMPABRA EMPRESA DE MINERACAO PAU BRANCO LTDA,BAUXITA,CONCESSÃO DE LAVRA,85.16,3576/1937,-20.4662,-43.6899
8.2,MINERIOS E JAZIDAS MINERAIS FME LTDA,MINÉRIO DE FERRO,REQUERIMENTO DE PESQUISA,192.42,831498/2013,-20.3808,-43.6963
8.2,GERDAU ACOMINAS S/A,FERRO,CONCESSÃO DE LAVRA,40.79,4575/1935,-20.4299,-43.7084
8.2,DADO NÃO CADASTRADO,DADO NÃO CADASTRADO,DISPONIBILIDADE,0.49,300853/2025,-20.4429,-43.7053
8.3,Edilson Corrêa Mariani,MINÉRIO DE FERRO,REQUERIMENTO DE PESQUISA,0.01,831547/2009,-20.4588,-43.5616
8.4,BHP BILLITON BRASIL LTDA.,MINÉRIO DE FERRO,AUTORIZAÇÃO DE PESQUISA,92.43,831611/2020,-20.3639,-43.5761
8.4,TELMO NAMEN LOPES FILHO,OURO,REQUERIMENTO DE PESQUISA,45.57,831100/2021,-20.3719,-43.6919
8.4,CERTA PARTICIPACOES E INTERMEDIACOES LTDA,MINÉRIO DE FERRO,AUTORIZAÇÃO DE PESQUISA,15.1,832417/2007,-20.3725,-43.5665
8.4,BHP BILLITON BRASIL LTDA.,MINÉRIO DE FERRO,AUTORIZAÇÃO DE PESQUISA,1.74,832892/2005,-20.4895,-43.6627
8.5,GEOPETRA GEOLOGIA E CONSULTORIA MINERAL LTDA,MINÉRIO DE FERRO,AUTORIZAÇÃO DE PESQUISA,7.88,830303/2025,-20.3825,-43.5584
8.6,BHP BILLITON BRASIL LTDA.,MINÉRIO DE FERRO,AUTORIZAÇÃO DE PESQUISA,1203.3,830949/2006,-20.4458,-43.5518
8.6,Edilson Corrêa Mariani,MINÉRIO DE FERRO,REQUERIMENTO DE PESQUISA,0.06,831547/2009,-20.4524,-43.5549
8.6,AREIAL TRES MUNHOS LTDA,AREIA,LICENCIAMENTO,40.86,833095/2013,-20.4637,-43.5618
8.7,ANTONIO MARCELLO DE BORGES NUNES-FIRMA  INDIVIDUAL,CALCÁRIO,CONCESSÃO DE LAVRA,118.48,7436/1944,-20.4476,-43.7083
8.7,LUCAS FRAGA CRUZ CERQUEIRA,MINÉRIO DE OURO,REQUERIMENTO DE LAVRA GARIMPEIRA,37.76,830935/2025,-20.4886,-43.5902
8.8,Eunice Ricaldoni Lima Cardoso,MINÉRIO DE OURO,REQUERIMENTO DE PESQUISA,206.86,834755/2011,-20.3405,-43.6237
8.9,VALE S.A.,MINÉRIO DE FERRO,REQUERIMENTO DE LAVRA,225.73,830652/2001,-20.392,-43.7097
8.9,COMPANHIA SIDERURGICA NACIONAL,MINÉRIO DE FERRO,CONCESSÃO DE LAVRA,144.45,433092/1956,-20.3735,-43.5609
8.9,SILICON MINING EXTRACAO E COMERCIO DE MINERIO LTDA,MINÉRIO DE FERRO,REQUERIMENTO DE PESQUISA,13.22,830199/2026,-20.4263,-43.7158
9.0,ACTECH - ALUMINA CHEMICAL TECHNOLOGY LTDA.,MINÉRIO DE FERRO,DIREITO DE REQUERER A LAVRA,71.5,833841/2008,-20.4012,-43.5455
9.0,ANTONIO VITOR LIBERATO DOS SANTOS,MINÉRIO DE FERRO,AUTORIZAÇÃO DE PESQUISA,538.81,832376/2014,-20.4359,-43.7146
9.3,VALE S.A.,MINÉRIO DE FERRO,REQUERIMENTO DE LAVRA,0.13,803394/1976,-20.443,-43.716
9.3,Gilberto Transportes Ltda,MINÉRIO DE FERRO,AUTORIZAÇÃO DE PESQUISA,760.78,833863/2008,-20.3971,-43.5437
9.3,3D MINERALS LTDA,MINÉRIO DE FERRO,AUTORIZAÇÃO DE PESQUISA,252.85,832514/2024,-20.3941,-43.7151
9.3,3D MINERALS LTDA,MINÉRIO DE FERRO,AUTORIZAÇÃO DE PESQUISA,28.65,831627/2025,-20.3946,-43.7157
9.4,Alaska Comercial de Minérios Ltda,CALCÁRIO,REQUERIMENTO DE PESQUISA,3.3,833609/2014,-20.4391,-43.7178
9.5,GERDAU ACOMINAS S/A,MINÉRIO DE FERRO,AUTORIZAÇÃO DE PESQUISA,1.37,832377/2014,-20.4426,-43.7185
9.5,GUILHERME FIGUEIREDO DE ANDRADE URBANO,MINÉRIO DE MANGANÊS,REQUERIMENTO DE PESQUISA,506.62,831867/2022,-20.3935,-43.7164
9.6,Mineração Fazenda Saramenha Ltda,TOPÁZIO,REQUERIMENTO DE LAVRA,87.96,830354/2016,-20.4098,-43.7219
9.6,Edilson Corrêa Mariani,MINÉRIO DE FERRO,REQUERIMENTO DE PESQUISA,211.98,831547/2009,-20.4759,-43.5599
9.8,PAULO ROBERTO GONCALVES,MINÉRIO DE FERRO,AUTORIZAÇÃO DE PESQUISA,123.89,830528/2024,-20.4625,-43.5472
10.0,VERMELHAO MINERACAO INDUSTRIA E COMERCIO LTDA,TOPÁZIO,CONCESSÃO DE LAVRA,158.22,1193/1936,-20.4045,-43.5355
10.0,José Francisco Pereira da Silva de Pádua,MINÉRIO DE FERRO,REQUERIMENTO DE PESQUISA,1.71,830929/2009,-20.3596,-43.5581
10.1,F.M. DE ASSIS SILVA - EXTRACAO E COMERCIO DE MINERIOS LTDA,QUARTZO,REQUERIMENTO DE LAVRA,628.19,832240/1987,-20.4071,-43.7259
10.1,VALE S.A.,MINÉRIO DE FERRO,REQUERIMENTO DE LAVRA,1.73,803394/1976,-20.4438,-43.7235
10.3,JJC MINERACAO INDUSTRIA E COMERCIO LIMITADA,TOPÁZIO,CONCESSÃO DE LAVRA,136.38,119301/1936,-20.4091,-43.5316
10.4,LEONARDO TAVARES DE OLIVEIRA,OURO,AUTORIZAÇÃO DE PESQUISA,40.92,830968/2023,-20.4149,-43.5303
10.5,WOX MINERACAO LTDA,MINÉRIO DE FERRO,AUTORIZAÇÃO DE PESQUISA,1084.66,833590/2004,-20.371,-43.5436
10.6,Smartway Brasil Minério de Ferro Ltda.,MINÉRIO DE FERRO,AUTORIZAÇÃO DE PESQUISA,15.39,832374/2014,-20.4113,-43.7319
10.8,VERMELHAO MINERACAO INDUSTRIA E COMERCIO LTDA,TOPÁZIO,CONCESSÃO DE LAVRA,43.63,816955/1971,-20.402,-43.5279
10.8,COLUNA PERÓLA MINERAÇÃO LTDA - ME,MÁRMORE,REQUERIMENTO DE LAVRA,253.57,831177/1984,-20.4093,-43.7336
10.8,Caystar Exploraçao Mineral (brasil) Ltda,MINÉRIO DE OURO,AUTORIZAÇÃO DE PESQUISA,1977.37,831217/2006,-20.3252,-43.608
10.8,Cnm Companhia Nacional de Mineração,MINÉRIO DE OURO,AUTORIZAÇÃO DE PESQUISA,1805.35,830518/2015,-20.3364,-43.5761
10.8,MG DRILL DETONACOES E PERFURACOES LTDA,MINÉRIO DE FERRO,REQUERIMENTO DE PESQUISA,848.3,830812/2012,-20.3394,-43.688
10.8,VALE S.A.,MINÉRIO DE FERRO,REQUERIMENTO DE LAVRA,0.54,803394/1976,-20.4497,-43.7293
10.9,VALE S.A.,MINÉRIO DE FERRO,REQUERIMENTO DE LAVRA,0.01,803394/1976,-20.4502,-43.73
11.0,ULYMAR FERREIRA DA ROCHA,MINÉRIO DE FERRO,AUTORIZAÇÃO DE PESQUISA,554.8,830123/2022,-20.5111,-43.5879
11.1,Pedreira Irmãos Machado Ltda,GNAISSE,REQUERIMENTO DE LAVRA,16.35,830513/2017,-20.3393,-43.6929
11.1,NOVELIS DO BRASIL LTDA.,FERRO,CONCESSÃO DE LAVRA,786.33,2621/1935,-20.4176,-43.5237
11.1,RIO MANSO MINERACAO LTDA,MINÉRIO DE FERRO,REQUERIMENTO DE LAVRA,0.05,831912/2015,-20.4306,-43.524
11.3,GERDAU ACOMINAS S/A,MINÉRIO DE FERRO,AUTORIZAÇÃO DE PESQUISA,76.96,832375/2014,-20.4215,-43.739
11.3,Recursos Minerais do Brasil S.a,MINÉRIO DE FERRO,AUTORIZAÇÃO DE PESQUISA,13.2,831738/2014,-20.4872,-43.5484
11.3,Edilson Corrêa Mariani,MINÉRIO DE FERRO,REQUERIMENTO DE PESQUISA,0.05,831547/2009,-20.4974,-43.5588
11.3,MINERIOS E JAZIDAS MINERAIS FME LTDA,MINÉRIO DE FERRO,REQUERIMENTO DE LAVRA,5.0,832582/2016,-20.4497,-43.7336
11.4,ARCELORMITTAL BRASIL S.A.,DOLOMITO,CONCESSÃO DE LAVRA,13.5,5672/1957,-20.4294,-43.7387
11.4,Brazminco Ltda,MINÉRIO DE FERRO,AUTORIZAÇÃO DE PESQUISA,222.05,830618/2018,-20.3915,-43.7349
11.4,Pedreira Irmãos Machado Ltda,GNAISSE,AUTORIZAÇÃO DE PESQUISA,40.83,832257/2023,-20.3384,-43.697
11.5,Caystar Exploraçao Mineral (brasil) Ltda,MINÉRIO DE OURO,AUTORIZAÇÃO DE PESQUISA,1805.16,832750/2006,-20.3287,-43.5779
11.5,MINERIOS E JAZIDAS MINERAIS FME LTDA,MINÉRIO DE FERRO,REQUERIMENTO DE PESQUISA,28.58,833583/2014,-20.4305,-43.5196
11.5,Edilson Corrêa Mariani,MINÉRIO DE FERRO,REQUERIMENTO DE PESQUISA,2.05,831547/2009,-20.4971,-43.5555
11.6,MINERACAO CENTRO SUL LTDA,MINÉRIO DE FERRO,AUTORIZAÇÃO DE PESQUISA,491.32,830227/2025,-20.5236,-43.6149
11.7,RIO MANSO MINERACAO LTDA,BAUXITA,CONCESSÃO DE LAVRA,4.61,5268/1959,-20.4408,-43.5196
11.7,CELSO FRANCISCO GOMES JUNIOR,MINÉRIO DE FERRO,AUTORIZAÇÃO DE PESQUISA,219.64,831356/2024,-20.4783,-43.5365
11.7,SERGIO HENRIQUE MUSCHIONI,MINÉRIO DE FERRO,AUTORIZAÇÃO DE PESQUISA,2.72,830245/2025,-20.4405,-43.5197
11.7,3D MINERALS LTDA,MINÉRIO DE FERRO,REQUERIMENTO DE PESQUISA,29.45,831635/2025,-20.4469,-43.5209
11.8,Gilson de Maio Reis,MINÉRIO DE FERRO,AUTORIZAÇÃO DE PESQUISA,605.06,830628/2020,-20.4025,-43.5181
11.8,Pedreira Irmãos Machado Ltda,GNAISSE,DIREITO DE REQUERER A LAVRA,49.72,832228/2023,-20.3404,-43.7053
11.8,3D MINERALS LTDA,MINÉRIO DE FERRO,AUTORIZAÇÃO DE PESQUISA,123.7,832638/2024,-20.4448,-43.5196
11.8,Pedreira Irmãos Machado Ltda,GNAISSE,REQUERIMENTO DE LAVRA,40.1,830515/2017,-20.3314,-43.6926
12.0,F.M. DE ASSIS SILVA - EXTRACAO E COMERCIO DE MINERIOS LTDA,DOLOMITO,REQUERIMENTO DE LAVRA,717.5,832239/1987,-20.4164,-43.7456
12.0,CLAUDIO ROBERTO FERREIRA CARNEIRO,GNAISSE,AUTORIZAÇÃO DE PESQUISA,49.89,830786/2018,-20.3158,-43.6595
12.0,Pedreira Irmãos Machado Ltda,GNAISSE,AUTORIZAÇÃO DE PESQUISA,49.93,832184/2023,-20.3355,-43.7022
12.1,Pedreira Irmãos Machado Ltda,GNAISSE,CONCESSÃO DE LAVRA,5.47,830338/1999,-20.3275,-43.6916
12.1,Pedreira Irmãos Machado Ltda,ARGILA,AUTORIZAÇÃO DE PESQUISA,4.93,830097/2026,-20.3296,-43.6947
12.2,EMPRESA DE MINERACAO ESPERANCA S A,MINÉRIO DE OURO,AUTORIZAÇÃO DE PESQUISA,1375.24,831419/2014,-20.3741,-43.7363
12.2,Pedreira Irmãos Machado Ltda,GNAISSE,REQUERIMENTO DE LAVRA,49.72,832101/1986,-20.3314,-43.7002
12.2,RIO MANSO MINERACAO LTDA,MINÉRIO DE FERRO,AUTORIZAÇÃO DE PESQUISA,46.48,832472/2024,-20.4444,-43.5153
12.3,RIO MANSO MINERACAO LTDA,MINÉRIO DE FERRO,REQUERIMENTO DE LAVRA,61.62,831912/2015,-20.4392,-43.5135
12.5,Pedreira Irmãos Machado Ltda,GNAISSE,CONCESSÃO DE LAVRA,4.44,830116/2000,-20.3274,-43.6983
12.5,HANDERSON MOREIRA DE PAULA RODRIGUES,ESTEATITO,AUTORIZAÇÃO DE PESQUISA,134.63,832653/2021,-20.5248,-43.585
12.5,VALE S.A.,MINÉRIO DE FERRO,REQUERIMENTO DE LAVRA,6.11,803394/1976,-20.4603,-43.7425
12.6,EDSON DE OLIVEIRA AQUINO,MINÉRIO DE FERRO,AUTORIZAÇÃO DE PESQUISA,864.76,831652/2021,-20.3101,-43.6597
12.6,LUIZ EDUARDO GONCALVES DE REZENDE,MINÉRIO DE FERRO,REQUERIMENTO DE PESQUISA,5.79,830538/2023,-20.455,-43.7457
12.7,Pedreira Irmãos Machado Ltda,GNAISSE,CONCESSÃO DE LAVRA,49.98,830527/1990,-20.3239,-43.6968
12.7,THIAGO DE CASTRO SOUSA,FILITO,REQUERIMENTO DE PESQUISA,0.95,833326/2012,-20.4614,-43.7443
12.8,Pedreira Irmãos Machado Ltda,GRANITO,DIREITO DE REQUERER A LAVRA,15.19,832073/2014,-20.3271,-43.7027
13.0,THIAGO DE CASTRO SOUSA,MINÉRIO DE FERRO,AUTORIZAÇÃO DE PESQUISA,34.73,831257/2016,-20.4553,-43.7489
13.1,Pedreira Irmãos Machado Ltda,MINÉRIO DE FERRO,AUTORIZAÇÃO DE PESQUISA,266.05,831643/2020,-20.3286,-43.7104
13.2,MINERACAO RODEIO DE BAIXO LTDA,CALCÁRIO,CONCESSÃO DE LAVRA,25.07,5886/1940,-20.4589,-43.75
13.2,ASSOCIAÇÃO DOS EXPLORADORES DE QUARTZITO DO MORRO SÃO SEBASTIÃO,QUARTZITO,AUTORIZAÇÃO DE PESQUISA,375.0,830357/2004,-20.3732,-43.5136
13.2,MINERACAO RODEIO DE BAIXO LTDA,CALCÁRIO,CONCESSÃO DE LAVRA,25.0,2844/1943,-20.4599,-43.7498
13.2,VITORIA MINAS BRASILEIRA MINERACAO E EXPORTACAO LTDA,MINÉRIO DE FERRO,AUTORIZAÇÃO DE PESQUISA,1994.7,831713/2021,-20.5391,-43.6343
13.4,VALE S.A.,MINÉRIO DE FERRO,AUTORIZAÇÃO DE PESQUISA,342.58,833839/2007,-20.3738,-43.5111
13.4,EMILIO MARCIO GOMES DE CARVALHO,MINÉRIO DE FERRO,AUTORIZAÇÃO DE PESQUISA,22.39,830613/2022,-20.4114,-43.5017
13.4,Recursos Minerais do Brasil S.a,MINÉRIO DE FERRO,AUTORIZAÇÃO DE PESQUISA,716.79,831738/2014,-20.4995,-43.5334
13.5,NIVALDO NUNES DE SOUZA,GNAISSE,AUTORIZAÇÃO DE PESQUISA,32.48,830247/2017,-20.301,-43.6546
13.6,LUIZ EDUARDO GONCALVES DE REZENDE,MINÉRIO DE FERRO,REQUERIMENTO DE PESQUISA,2.4,830538/2023,-20.4684,-43.7506
13.7,Cnm Companhia Nacional de Mineração,MINÉRIO DE OURO,APTO PARA DISPONIBILIDADE,1168.14,831140/2015,-20.3318,-43.5384
13.8,COMERCIO E INDUSTRIA VERBAZZA LTDA,TALCO,CONCESSÃO DE LAVRA,2.16,8807/1965,-20.5392,-43.591
13.8,Caystar Exploraçao Mineral (brasil) Ltda,MINÉRIO DE OURO,AUTORIZAÇÃO DE PESQUISA,1193.65,832751/2006,-20.3289,-43.5392
13.8,EDSON DE OLIVEIRA AQUINO,MINÉRIO DE FERRO,AUTORIZAÇÃO DE PESQUISA,298.61,831620/2021,-20.2954,-43.6303
13.9,MINAS SERP ADITIVOS MINERAIS LTDA,SERPENTINITO,CONCESSÃO DE LAVRA,634.51,831022/1981,-20.5424,-43.5996
13.9,SUBSOLOS - EMPREENDIMENTOS MINERARIOS LTDA,FILITO,REQUERIMENTO DE LAVRA,29.91,832273/2015,-20.418,-43.7633
14.0,INDUSTRIA E COMERCIO SAO JOSE LIMITADA,MANGANÊS,REQUERIMENTO DE PESQUISA,1898.92,831463/2024,-20.5309,-43.566
14.0,DADO NÃO CADASTRADO,DADO NÃO CADASTRADO,DISPONIBILIDADE,2.26,301020/2022,-20.415,-43.7644
14.1,MINAS SERP ADITIVOS MINERAIS LTDA,TALCO,CONCESSÃO DE LAVRA,30.39,4225/1947,-20.544,-43.6015
14.1,BELMONT MINERACAO LTDA,MINÉRIO DE FERRO,REQUERIMENTO DE PESQUISA,800.25,833638/2011,-20.3373,-43.7327
14.3,VALE S.A.,MINÉRIO DE FERRO,REQUERIMENTO DE PESQUISA,8.47,830950/2008,-20.3722,-43.5025
14.4,JOAO FERNANDO MARTINS HIPPERTT,MINÉRIO DE OURO,AUTORIZAÇÃO DE PESQUISA,145.98,831171/2009,-20.2903,-43.638
14.5,Jh Extraçao de Minerio Nas Terras de Minas Ltda,MINÉRIO DE MANGANÊS,AUTORIZAÇÃO DE PESQUISA,1962.16,832968/2009,-20.5365,-43.5674
14.6,O & P PARTICIPACOES SOCIETARIAS LTDA,MINÉRIO DE FERRO,REQUERIMENTO DE PESQUISA,560.83,832839/2010,-20.3594,-43.5059
14.6,VALE S.A.,MINÉRIO DE FERRO,REQUERIMENTO DE PESQUISA,2.09,830950/2008,-20.3737,-43.4989
14.6,MINERACAO GUARACIABA LTDA,MINÉRIO DE FERRO,AUTORIZAÇÃO DE PESQUISA,1.24,831651/2020,-20.3917,-43.7676
14.7,NOVA L.M.A. PARTICIPACOES E EMPREENDIMENTOS LTDA,MINÉRIO DE FERRO,AUTORIZAÇÃO DE PESQUISA,2.21,832397/2024,-20.3893,-43.7675
14.7,MINERACAO RODEIO DE BAIXO LTDA,CALCÁRIO,AUTORIZAÇÃO DE PESQUISA,601.87,831158/2017,-20.4639,-43.7637
14.7,DADO NÃO CADASTRADO,DADO NÃO CADASTRADO,DISPONIBILIDADE,1.47,300838/2025,-20.4543,-43.7665
14.8,MAURICIO DE BARROS,PIRITA,REQUERIMENTO DE PESQUISA,465.18,831439/2007,-20.3872,-43.4922
14.8,GERDAU ACOMINAS S/A,FERRO,CONCESSÃO DE LAVRA,4102.63,4575/1935,-20.4352,-43.7714
14.9,Diamantes do Triângulo Mineiro Ltda,MINÉRIO DE OURO,AUTORIZAÇÃO DE PESQUISA,1274.9,830817/2012,-20.2934,-43.5833
14.9,ROYAL MINING MINERACAO E COMERCIO LTDA,MINÉRIO DE OURO,AUTORIZAÇÃO DE PESQUISA,1976.97,833324/2007,-20.5459,-43.6791
