competencia,arquivo,cnpj_declarante,declarante,tp_aplic,cnpj_cota,nome_cota,ds_ativo,emissor,valor,pct_pl
202409,cda_fi_BLC_1_202409.csv,13.596.279/0001-60,VICTORIA FALLS FI FINANCEIRO - CI MULT CRED PRIV - RESP LIMITADA,Títulos Públicos,,,,,3096396.65,
202409,cda_fi_BLC_1_202409.csv,13.596.279/0001-60,VICTORIA FALLS FI FINANCEIRO - CI MULT CRED PRIV - RESP LIMITADA,Títulos Públicos,,,,,713219.29,
202409,cda_fi_BLC_1_202409.csv,13.596.279/0001-60,VICTORIA FALLS FI FINANCEIRO - CI MULT CRED PRIV - RESP LIMITADA,Títulos Públicos,,,,,292155.41,
202409,cda_fi_BLC_2_202409.csv,13.596.279/0001-60,VICTORIA FALLS FI FINANCEIRO - CI MULT CRED PRIV - RESP LIMITADA,Cotas de Fundos,23.964.843/0001-03,,,,238281.88,
202409,cda_fi_BLC_2_202409.csv,13.596.279/0001-60,VICTORIA FALLS FI FINANCEIRO - CI MULT CRED PRIV - RESP LIMITADA,Cotas de Fundos,49.089.398/0001-73,,,,577351.36,
202409,cda_fi_BLC_2_202409.csv,13.596.279/0001-60,VICTORIA FALLS FI FINANCEIRO - CI MULT CRED PRIV - RESP LIMITADA,Cotas de Fundos,26.154.177/0001-36,,,,40808.12,
202409,cda_fi_BLC_2_202409.csv,13.596.279/0001-60,VICTORIA FALLS FI FINANCEIRO - CI MULT CRED PRIV - RESP LIMITADA,Cotas de Fundos,43.616.501/0001-00,,,,142000.00,
202409,cda_fi_BLC_2_202409.csv,13.596.279/0001-60,VICTORIA FALLS FI FINANCEIRO - CI MULT CRED PRIV - RESP LIMITADA,Cotas de Fundos,49.628.680/0001-81,,,,350567.05,
202409,cda_fi_BLC_2_202409.csv,13.596.279/0001-60,VICTORIA FALLS FI FINANCEIRO - CI MULT CRED PRIV - RESP LIMITADA,Cotas de Fundos,23.956.882/0001-69,,,,69766.84,
202409,cda_fi_BLC_2_202409.csv,13.596.279/0001-60,VICTORIA FALLS FI FINANCEIRO - CI MULT CRED PRIV - RESP LIMITADA,Cotas de Fundos,42.462.120/0001-50,,,,300704.51,
202409,cda_fi_BLC_2_202409.csv,13.596.279/0001-60,VICTORIA FALLS FI FINANCEIRO - CI MULT CRED PRIV - RESP LIMITADA,Cotas de Fundos,43.616.756/0001-72,,,,150000.00,
202409,cda_fi_BLC_2_202409.csv,13.596.279/0001-60,VICTORIA FALLS FI FINANCEIRO - CI MULT CRED PRIV - RESP LIMITADA,Cotas de Fundos,46.439.664/0001-52,,,,3566265.03,
202409,cda_fi_BLC_2_202409.csv,13.596.279/0001-60,VICTORIA FALLS FI FINANCEIRO - CI MULT CRED PRIV - RESP LIMITADA,Cotas de Fundos,08.915.927/0001-63,,,,4250107.08,
202409,cda_fi_BLC_2_202409.csv,13.596.279/0001-60,VICTORIA FALLS FI FINANCEIRO - CI MULT CRED PRIV - RESP LIMITADA,Cotas de Fundos,22.150.568/0001-21,,,,212947.78,
202409,cda_fi_BLC_2_202409.csv,13.596.279/0001-60,VICTORIA FALLS FI FINANCEIRO - CI MULT CRED PRIV - RESP LIMITADA,Cotas de Fundos,34.617.263/0001-66,,,,1674689.67,
202409,cda_fi_BLC_2_202409.csv,13.596.279/0001-60,VICTORIA FALLS FI FINANCEIRO - CI MULT CRED PRIV - RESP LIMITADA,Cotas de Fundos,30.910.553/0001-42,,,,1114796.28,
202409,cda_fi_BLC_2_202409.csv,13.596.279/0001-60,VICTORIA FALLS FI FINANCEIRO - CI MULT CRED PRIV - RESP LIMITADA,Cotas de Fundos,42.847.342/0001-91,,,,1105365.12,
202409,cda_fi_BLC_2_202409.csv,13.596.279/0001-60,VICTORIA FALLS FI FINANCEIRO - CI MULT CRED PRIV - RESP LIMITADA,Cotas de Fundos,49.726.793/0001-10,,,,516403.50,
202409,cda_fi_BLC_2_202409.csv,13.596.279/0001-60,VICTORIA FALLS FI FINANCEIRO - CI MULT CRED PRIV - RESP LIMITADA,Cotas de Fundos,14.237.118/0001-42,,,,1123983.54,
202409,cda_fi_BLC_2_202409.csv,13.596.279/0001-60,VICTORIA FALLS FI FINANCEIRO - CI MULT CRED PRIV - RESP LIMITADA,Cotas de Fundos,35.395.563/0001-00,,,,642155.26,
202409,cda_fi_BLC_2_202409.csv,13.596.279/0001-60,VICTORIA FALLS FI FINANCEIRO - CI MULT CRED PRIV - RESP LIMITADA,Cotas de Fundos,36.182.331/0001-37,,,,495240.71,
202409,cda_fi_BLC_2_202409.csv,13.596.279/0001-60,VICTORIA FALLS FI FINANCEIRO - CI MULT CRED PRIV - RESP LIMITADA,Cotas de Fundos,11.502.690/0001-01,,,,79628.18,
202409,cda_fi_BLC_2_202409.csv,13.596.279/0001-60,VICTORIA FALLS FI FINANCEIRO - CI MULT CRED PRIV - RESP LIMITADA,Cotas de Fundos,51.853.123/0001-06,,,,1605653.18,
202409,cda_fi_BLC_2_202409.csv,15.779.618/0001-79,VICTORIA FALLS FUNDO DE INVESTIMENTO MULTIMERCADO INVESTIMENTO NO EXTERIOR,Cotas de Fundos,10.566.011/0001-97,,,,73489307.61,
202409,cda_fi_BLC_4_202409.csv,13.596.279/0001-60,VICTORIA FALLS FI FINANCEIRO - CI MULT CRED PRIV - RESP LIMITADA,Debêntures,,,DEB,,167198.69,
202409,cda_fi_BLC_4_202409.csv,13.596.279/0001-60,VICTORIA FALLS FI FINANCEIRO - CI MULT CRED PRIV - RESP LIMITADA,Debêntures,,,DEB,,192486.10,
202409,cda_fi_BLC_4_202409.csv,13.596.279/0001-60,VICTORIA FALLS FI FINANCEIRO - CI MULT CRED PRIV - RESP LIMITADA,Debêntures,,,DEB,,226484.00,
202409,cda_fi_BLC_4_202409.csv,13.596.279/0001-60,VICTORIA FALLS FI FINANCEIRO - CI MULT CRED PRIV - RESP LIMITADA,Debêntures,,,DEB,,565660.31,
202409,cda_fi_BLC_4_202409.csv,13.596.279/0001-60,VICTORIA FALLS FI FINANCEIRO - CI MULT CRED PRIV - RESP LIMITADA,Debêntures,,,DEB,,28060.12,
202409,cda_fi_BLC_4_202409.csv,13.596.279/0001-60,VICTORIA FALLS FI FINANCEIRO - CI MULT CRED PRIV - RESP LIMITADA,Debêntures,,,DEB,,480763.17,
202409,cda_fi_BLC_4_202409.csv,13.596.279/0001-60,VICTORIA FALLS FI FINANCEIRO - CI MULT CRED PRIV - RESP LIMITADA,Debêntures,,,DEB,,207488.27,
202409,cda_fi_BLC_5_202409.csv,13.596.279/0001-60,VICTORIA FALLS FI FINANCEIRO - CI MULT CRED PRIV - RESP LIMITADA,Depósitos a prazo e outros títulos de IF,,,,BANSICREDI,216377.39,
202409,cda_fi_BLC_5_202409.csv,13.596.279/0001-60,VICTORIA FALLS FI FINANCEIRO - CI MULT CRED PRIV - RESP LIMITADA,Depósitos a prazo e outros títulos de IF,,,,HAITONG BB,287578.69,
202409,cda_fi_BLC_5_202409.csv,13.596.279/0001-60,VICTORIA FALLS FI FINANCEIRO - CI MULT CRED PRIV - RESP LIMITADA,Depósitos a prazo e outros títulos de IF,,,,HAITONG BB,269381.82,
202409,cda_fi_BLC_8_202409.csv,13.596.279/0001-60,VICTORIA FALLS FI FINANCEIRO - CI MULT CRED PRIV - RESP LIMITADA,Disponibilidades,,,Disponibilidade,,1000.00,
202409,cda_fi_BLC_8_202409.csv,13.596.279/0001-60,VICTORIA FALLS FI FINANCEIRO - CI MULT CRED PRIV - RESP LIMITADA,Valores a pagar,,,Valores a Pagar,,72676.72,
202409,cda_fi_BLC_8_202409.csv,13.596.279/0001-60,VICTORIA FALLS FI FINANCEIRO - CI MULT CRED PRIV - RESP LIMITADA,Valores a receber,,,Valores a Receber,,2343.82,
202409,cda_fi_BLC_8_202409.csv,15.779.618/0001-79,VICTORIA FALLS FUNDO DE INVESTIMENTO MULTIMERCADO INVESTIMENTO NO EXTERIOR,Disponibilidades,,,Disponibilidade,,52.77,
202409,cda_fi_BLC_8_202409.csv,15.779.618/0001-79,VICTORIA FALLS FUNDO DE INVESTIMENTO MULTIMERCADO INVESTIMENTO NO EXTERIOR,Valores a pagar,,,Valores a Pagar,,54702.28,
202409,cda_fi_BLC_8_202409.csv,15.779.618/0001-79,VICTORIA FALLS FUNDO DE INVESTIMENTO MULTIMERCADO INVESTIMENTO NO EXTERIOR,Valores a receber,,,Valores a Receber,,4906.33,
202409,cda_fi_BLC_8_202409.csv,10.566.011/0001-97,VICTORIA FALLS FUNDO DE INVESTIMENTO EM PARTICIPAÇÕES MULTIESTRATEGIA INVESTIMENTO NO EXTERIOR,Disponibilidades,,,Outros/TAQUARIL,Outros/TAQUARIL,165000.00,
202409,cda_fi_BLC_8_202409.csv,10.566.011/0001-97,VICTORIA FALLS FUNDO DE INVESTIMENTO EM PARTICIPAÇÕES MULTIESTRATEGIA INVESTIMENTO NO EXTERIOR,Disponibilidades,,,Participacao/5W PARTICIPACOES LTD,Participacao/5W PARTICIPACOES LTD,32584.39,
202409,cda_fi_BLC_8_202409.csv,10.566.011/0001-97,VICTORIA FALLS FUNDO DE INVESTIMENTO EM PARTICIPAÇÕES MULTIESTRATEGIA INVESTIMENTO NO EXTERIOR,Disponibilidades,,,Participacao/PARTICIP TAQUARIL,Participacao/PARTICIP TAQUARIL,35096997.07,
202409,cda_fi_BLC_8_202409.csv,10.566.011/0001-97,VICTORIA FALLS FUNDO DE INVESTIMENTO EM PARTICIPAÇÕES MULTIESTRATEGIA INVESTIMENTO NO EXTERIOR,Disponibilidades,,,Participacao/HEALTHY FOR ALL INVE,Participacao/HEALTHY FOR ALL INVE,3698350.40,
202409,cda_fi_BLC_8_202409.csv,10.566.011/0001-97,VICTORIA FALLS FUNDO DE INVESTIMENTO EM PARTICIPAÇÕES MULTIESTRATEGIA INVESTIMENTO NO EXTERIOR,Disponibilidades,,,Participacao/TROPICAL,Participacao/TROPICAL,34731967.49,
202409,cda_fi_BLC_8_202409.csv,10.566.011/0001-97,VICTORIA FALLS FUNDO DE INVESTIMENTO EM PARTICIPAÇÕES MULTIESTRATEGIA INVESTIMENTO NO EXTERIOR,Disponibilidades,,,Disponibilidade,,48.71,
202409,cda_fi_BLC_8_202409.csv,10.566.011/0001-97,VICTORIA FALLS FUNDO DE INVESTIMENTO EM PARTICIPAÇÕES MULTIESTRATEGIA INVESTIMENTO NO EXTERIOR,Valores a pagar,,,Valores a Pagar,,30672853.52,
202409,cda_fi_BLC_8_202409.csv,10.566.011/0001-97,VICTORIA FALLS FUNDO DE INVESTIMENTO EM PARTICIPAÇÕES MULTIESTRATEGIA INVESTIMENTO NO EXTERIOR,Valores a receber,,,Valores a Receber,,30437213.06,
202409,cda_fi_PL_202409.csv,13.596.279/0001-60,VICTORIA FALLS FI FINANCEIRO - CI MULT CRED PRIV - RESP LIMITADA,,,,,,,
202409,cda_fi_PL_202409.csv,15.779.618/0001-79,VICTORIA FALLS FUNDO DE INVESTIMENTO MULTIMERCADO INVESTIMENTO NO EXTERIOR,,,,,,,
202409,cda_fi_PL_202409.csv,10.566.011/0001-97,VICTORIA FALLS FUNDO DE INVESTIMENTO EM PARTICIPAÇÕES MULTIESTRATEGIA INVESTIMENTO NO EXTERIOR,,,,,,,
202503,cda_fi_BLC_1_202503.csv,13.596.279/0001-60,VICTORIA FALLS FI FINANCEIRO - CI MULT CRED PRIV - RESP LIMITADA,Títulos Públicos,,,,,2786319.37,
202503,cda_fi_BLC_1_202503.csv,13.596.279/0001-60,VICTORIA FALLS FI FINANCEIRO - CI MULT CRED PRIV - RESP LIMITADA,Títulos Públicos,,,,,727844.43,
202503,cda_fi_BLC_1_202503.csv,13.596.279/0001-60,VICTORIA FALLS FI FINANCEIRO - CI MULT CRED PRIV - RESP LIMITADA,Títulos Públicos,,,,,333156.64,
202503,cda_fi_BLC_2_202503.csv,57.717.000/0001-24,MCL B FUNDO DE INVESTIMENTO MULTIMERCADO CRÉDITO PRIVADO,Cotas de Fundos,53.263.484/0001-28,,,,0.00,
202503,cda_fi_BLC_2_202503.csv,13.596.279/0001-60,VICTORIA FALLS FI FINANCEIRO - CI MULT CRED PRIV - RESP LIMITADA,Cotas de Fundos,23.964.843/0001-03,,,,143623.06,
202503,cda_fi_BLC_2_202503.csv,13.596.279/0001-60,VICTORIA FALLS FI FINANCEIRO - CI MULT CRED PRIV - RESP LIMITADA,Cotas de Fundos,46.439.664/0001-52,,,,3802801.08,
202503,cda_fi_BLC_2_202503.csv,13.596.279/0001-60,VICTORIA FALLS FI FINANCEIRO - CI MULT CRED PRIV - RESP LIMITADA,Cotas de Fundos,23.956.882/0001-69,,,,26459.65,
202503,cda_fi_BLC_2_202503.csv,13.596.279/0001-60,VICTORIA FALLS FI FINANCEIRO - CI MULT CRED PRIV - RESP LIMITADA,Cotas de Fundos,49.628.680/0001-81,,,,374083.96,
202503,cda_fi_BLC_2_202503.csv,13.596.279/0001-60,VICTORIA FALLS FI FINANCEIRO - CI MULT CRED PRIV - RESP LIMITADA,Cotas de Fundos,43.616.501/0001-00,,,,153069.11,
202503,cda_fi_BLC_2_202503.csv,13.596.279/0001-60,VICTORIA FALLS FI FINANCEIRO - CI MULT CRED PRIV - RESP LIMITADA,Cotas de Fundos,26.154.177/0001-36,,,,8766.67,
202503,cda_fi_BLC_2_202503.csv,13.596.279/0001-60,VICTORIA FALLS FI FINANCEIRO - CI MULT CRED PRIV - RESP LIMITADA,Cotas de Fundos,49.089.398/0001-73,,,,616419.78,
202503,cda_fi_BLC_2_202503.csv,13.596.279/0001-60,VICTORIA FALLS FI FINANCEIRO - CI MULT CRED PRIV - RESP LIMITADA,Cotas de Fundos,51.853.123/0001-06,,,,1469469.21,
202503,cda_fi_BLC_2_202503.csv,13.596.279/0001-60,VICTORIA FALLS FI FINANCEIRO - CI MULT CRED PRIV - RESP LIMITADA,Cotas de Fundos,11.502.690/0001-01,,,,82755.98,
202503,cda_fi_BLC_2_202503.csv,13.596.279/0001-60,VICTORIA FALLS FI FINANCEIRO - CI MULT CRED PRIV - RESP LIMITADA,Cotas de Fundos,36.182.331/0001-37,,,,247312.13,
202503,cda_fi_BLC_2_202503.csv,13.596.279/0001-60,VICTORIA FALLS FI FINANCEIRO - CI MULT CRED PRIV - RESP LIMITADA,Cotas de Fundos,35.395.563/0001-00,,,,250179.12,
202503,cda_fi_BLC_2_202503.csv,13.596.279/0001-60,VICTORIA FALLS FI FINANCEIRO - CI MULT CRED PRIV - RESP LIMITADA,Cotas de Fundos,14.237.118/0001-42,,,,1191296.20,
202503,cda_fi_BLC_2_202503.csv,13.596.279/0001-60,VICTORIA FALLS FI FINANCEIRO - CI MULT CRED PRIV - RESP LIMITADA,Cotas de Fundos,49.726.793/0001-10,,,,525552.90,
202503,cda_fi_BLC_2_202503.csv,13.596.279/0001-60,VICTORIA FALLS FI FINANCEIRO - CI MULT CRED PRIV - RESP LIMITADA,Cotas de Fundos,42.847.342/0001-91,,,,1172177.35,
202503,cda_fi_BLC_2_202503.csv,13.596.279/0001-60,VICTORIA FALLS FI FINANCEIRO - CI MULT CRED PRIV - RESP LIMITADA,Cotas de Fundos,30.910.553/0001-42,,,,1183165.52,
202503,cda_fi_BLC_2_202503.csv,13.596.279/0001-60,VICTORIA FALLS FI FINANCEIRO - CI MULT CRED PRIV - RESP LIMITADA,Cotas de Fundos,34.617.263/0001-66,,,,1700608.27,
202503,cda_fi_BLC_2_202503.csv,13.596.279/0001-60,VICTORIA FALLS FI FINANCEIRO - CI MULT CRED PRIV - RESP LIMITADA,Cotas de Fundos,22.150.568/0001-21,,,,52910.17,
202503,cda_fi_BLC_2_202503.csv,13.596.279/0001-60,VICTORIA FALLS FI FINANCEIRO - CI MULT CRED PRIV - RESP LIMITADA,Cotas de Fundos,08.915.927/0001-63,,,,4743928.14,
202503,cda_fi_BLC_2_202503.csv,15.779.618/0001-79,VICTORIA FALLS FUNDO DE INVESTIMENTO MULTIMERCADO INVESTIMENTO NO EXTERIOR,Cotas de Fundos,10.566.011/0001-97,,,,76461631.34,
202503,cda_fi_BLC_4_202503.csv,13.596.279/0001-60,VICTORIA FALLS FI FINANCEIRO - CI MULT CRED PRIV - RESP LIMITADA,Debêntures,,,DEB,,545343.91,
202503,cda_fi_BLC_4_202503.csv,13.596.279/0001-60,VICTORIA FALLS FI FINANCEIRO - CI MULT CRED PRIV - RESP LIMITADA,Debêntures,,,DEB,,222732.72,
202503,cda_fi_BLC_4_202503.csv,13.596.279/0001-60,VICTORIA FALLS FI FINANCEIRO - CI MULT CRED PRIV - RESP LIMITADA,Debêntures,,,DEB,,177711.15,
202503,cda_fi_BLC_4_202503.csv,13.596.279/0001-60,VICTORIA FALLS FI FINANCEIRO - CI MULT CRED PRIV - RESP LIMITADA,Debêntures,,,DEB,,167320.57,
202503,cda_fi_BLC_4_202503.csv,13.596.279/0001-60,VICTORIA FALLS FI FINANCEIRO - CI MULT CRED PRIV - RESP LIMITADA,Debêntures,,,DEB,,203934.87,
202503,cda_fi_BLC_4_202503.csv,13.596.279/0001-60,VICTORIA FALLS FI FINANCEIRO - CI MULT CRED PRIV - RESP LIMITADA,Debêntures,,,DEB,,25388.15,
202503,cda_fi_BLC_5_202503.csv,13.596.279/0001-60,VICTORIA FALLS FI FINANCEIRO - CI MULT CRED PRIV - RESP LIMITADA,Depósitos a prazo e outros títulos de IF,,,,ABC BRASIL,153597.35,
202503,cda_fi_BLC_5_202503.csv,13.596.279/0001-60,VICTORIA FALLS FI FINANCEIRO - CI MULT CRED PRIV - RESP LIMITADA,Depósitos a prazo e outros títulos de IF,,,,NU FINANCEIRA S,167717.92,
202503,cda_fi_BLC_5_202503.csv,13.596.279/0001-60,VICTORIA FALLS FI FINANCEIRO - CI MULT CRED PRIV - RESP LIMITADA,Depósitos a prazo e outros títulos de IF,,,,HAITONG BB,285747.86,
202503,cda_fi_BLC_8_202503.csv,57.717.000/0001-24,MCL B FUNDO DE INVESTIMENTO MULTIMERCADO CRÉDITO PRIVADO,Disponibilidades,,,Disponibilidade,,0.00,
202503,cda_fi_BLC_8_202503.csv,57.717.000/0001-24,MCL B FUNDO DE INVESTIMENTO MULTIMERCADO CRÉDITO PRIVADO,Valores a pagar,,,Valores a Pagar,,0.00,
202503,cda_fi_BLC_8_202503.csv,57.717.000/0001-24,MCL B FUNDO DE INVESTIMENTO MULTIMERCADO CRÉDITO PRIVADO,Valores a receber,,,Valores a Receber,,35443.62,
202503,cda_fi_BLC_8_202503.csv,13.596.279/0001-60,VICTORIA FALLS FI FINANCEIRO - CI MULT CRED PRIV - RESP LIMITADA,Disponibilidades,,,Disponibilidade,,1000.65,
202503,cda_fi_BLC_8_202503.csv,13.596.279/0001-60,VICTORIA FALLS FI FINANCEIRO - CI MULT CRED PRIV - RESP LIMITADA,Valores a pagar,,,Valores a Pagar,,80406.52,
202503,cda_fi_BLC_8_202503.csv,13.596.279/0001-60,VICTORIA FALLS FI FINANCEIRO - CI MULT CRED PRIV - RESP LIMITADA,Valores a receber,,,Valores a Receber,,0.00,
202503,cda_fi_BLC_8_202503.csv,15.779.618/0001-79,VICTORIA FALLS FUNDO DE INVESTIMENTO MULTIMERCADO INVESTIMENTO NO EXTERIOR,Disponibilidades,,,Disponibilidade,,332.35,
202503,cda_fi_BLC_8_202503.csv,15.779.618/0001-79,VICTORIA FALLS FUNDO DE INVESTIMENTO MULTIMERCADO INVESTIMENTO NO EXTERIOR,Valores a pagar,,,Valores a Pagar,,13542.79,
202503,cda_fi_BLC_8_202503.csv,15.779.618/0001-79,VICTORIA FALLS FUNDO DE INVESTIMENTO MULTIMERCADO INVESTIMENTO NO EXTERIOR,Valores a receber,,,Valores a Receber,,0.00,
202503,cda_fi_BLC_8_202503.csv,10.566.011/0001-97,VICTORIA FALLS FUNDO DE INVESTIMENTO EM PARTICIPAÇÕES MULTIESTRATEGIA INVESTIMENTO NO EXTERIOR,Disponibilidades,,,Participacao/5W PARTICIPACOES LTD,Participacao/5W PARTICIPACOES LTD,2654910.79,
202503,cda_fi_BLC_8_202503.csv,10.566.011/0001-97,VICTORIA FALLS FUNDO DE INVESTIMENTO EM PARTICIPAÇÕES MULTIESTRATEGIA INVESTIMENTO NO EXTERIOR,Disponibilidades,,,Participacao/HEALTHY FOR ALL INVE,Participacao/HEALTHY FOR ALL INVE,3578814.19,
202503,cda_fi_BLC_8_202503.csv,10.566.011/0001-97,VICTORIA FALLS FUNDO DE INVESTIMENTO EM PARTICIPAÇÕES MULTIESTRATEGIA INVESTIMENTO NO EXTERIOR,Disponibilidades,,,Participacao/TROPICAL,Participacao/TROPICAL,36787000.00,
202503,cda_fi_BLC_8_202503.csv,10.566.011/0001-97,VICTORIA FALLS FUNDO DE INVESTIMENTO EM PARTICIPAÇÕES MULTIESTRATEGIA INVESTIMENTO NO EXTERIOR,Disponibilidades,,,Participacao/PARTICIP TAQUARIL,Participacao/PARTICIP TAQUARIL,33865200.01,
202503,cda_fi_BLC_8_202503.csv,10.566.011/0001-97,VICTORIA FALLS FUNDO DE INVESTIMENTO EM PARTICIPAÇÕES MULTIESTRATEGIA INVESTIMENTO NO EXTERIOR,Disponibilidades,,,Disponibilidade,,2314.20,
202503,cda_fi_BLC_8_202503.csv,10.566.011/0001-97,VICTORIA FALLS FUNDO DE INVESTIMENTO EM PARTICIPAÇÕES MULTIESTRATEGIA INVESTIMENTO NO EXTERIOR,Valores a pagar,,,Valores a Pagar,,29022066.28,
202503,cda_fi_BLC_8_202503.csv,10.566.011/0001-97,VICTORIA FALLS FUNDO DE INVESTIMENTO EM PARTICIPAÇÕES MULTIESTRATEGIA INVESTIMENTO NO EXTERIOR,Valores a receber,,,Valores a Receber,,28595458.45,
202503,cda_fi_PL_202503.csv,57.717.000/0001-24,MCL B FUNDO DE INVESTIMENTO MULTIMERCADO CRÉDITO PRIVADO,,,,,,,
202503,cda_fi_PL_202503.csv,13.596.279/0001-60,VICTORIA FALLS FI FINANCEIRO - CI MULT CRED PRIV - RESP LIMITADA,,,,,,,
202503,cda_fi_PL_202503.csv,15.779.618/0001-79,VICTORIA FALLS FUNDO DE INVESTIMENTO MULTIMERCADO INVESTIMENTO NO EXTERIOR,,,,,,,
202503,cda_fi_PL_202503.csv,10.566.011/0001-97,VICTORIA FALLS FUNDO DE INVESTIMENTO EM PARTICIPAÇÕES MULTIESTRATEGIA INVESTIMENTO NO EXTERIOR,,,,,,,
202506,cda_fi_BLC_1_202506.csv,13.596.279/0001-60,VICTORIA FALLS FI FINANCEIRO - CI MULT CRED PRIV - RESP LIMITADA,Títulos Públicos,,,,,3221895.84,
202506,cda_fi_BLC_1_202506.csv,13.596.279/0001-60,VICTORIA FALLS FI FINANCEIRO - CI MULT CRED PRIV - RESP LIMITADA,Títulos Públicos,,,,,768996.56,
202506,cda_fi_BLC_2_202506.csv,04.773.506/0001-94,UV SEQUÓIA FUNDO DE INVESTIMENTO FINANCEIRO MULTIMERCADO,Cotas de Fundos,55.582.462/0001-56,,,,6053077.41,
202506,cda_fi_BLC_2_202506.csv,07.336.677/0001-44,AZV FUNDO DE INVESTIMENTO MULTIMERCADO CRÉDITO PRIVADO,Cotas de Fundos,55.582.462/0001-56,,,,228770.72,
202506,cda_fi_BLC_2_202506.csv,07.456.876/0001-96,WHG BLUE FUNDO DE INVESTIMENTO MULTIMERCADO CRÉDITO PRIVADO,Cotas de Fundos,55.582.462/0001-56,,,,7628657.86,
202506,cda_fi_BLC_2_202506.csv,07.725.510/0001-75,NETTER FI FINANCEIRO - CI MULT CRED PRIV - RESP LIMITADA,Cotas de Fundos,41.574.762/0001-89,,,,439851.73,
202506,cda_fi_BLC_2_202506.csv,08.537.625/0001-07,G5 GRUMETE FIF - CLASSE DE INVESTIMENTO MULTIMERCADO CRÉDITO PRIVADO - RESPONSABILIDADE LIMITADA,Cotas de Fundos,41.574.762/0001-89,,,,274907.33,
202506,cda_fi_BLC_2_202506.csv,08.831.681/0001-41,IPANEMA FI FINANCEIRO - CI MULT CRED PRIV - RESP LIMITADA,Cotas de Fundos,41.574.762/0001-89,,,,503996.77,
202506,cda_fi_BLC_2_202506.csv,08.868.293/0001-35,CHATELET FUNDO DE INVESTIMENTO EM AÇÕES,Cotas de Fundos,55.582.462/0001-56,,,,1525731.57,
202506,cda_fi_BLC_2_202506.csv,09.577.031/0001-84,UV PLATANO FUNDO DE INVESTIMENTO MULTIMERCADO,Cotas de Fundos,55.582.462/0001-56,,,,6231109.10,
202506,cda_fi_BLC_2_202506.csv,09.577.041/0001-10,DIADEMA FUNDO DE INVESTIMENTO MULTIMERCADO CREDITO PRIVADO INVESTIMENTO NO EXTERIOR,Cotas de Fundos,41.574.762/0001-89,,,,275996.54,
202506,cda_fi_BLC_2_202506.csv,09.577.059/0001-11,UV BAOBÁ FUNDO DE INVESTIMENTO MULTIMERCADO,Cotas de Fundos,55.582.462/0001-56,,,,4450792.21,
202506,cda_fi_BLC_2_202506.csv,09.577.096/0001-20,UV IPÊ FUNDO DE INVESTIMENTO MULTIMERCADO,Cotas de Fundos,55.582.462/0001-56,,,,7121267.54,
202506,cda_fi_BLC_2_202506.csv,11.349.773/0001-02,MONTE CRISTALLO 95 FUNDO DE INVESTIMENTO FINANCEIRO MULTIMERCADO,Cotas de Fundos,55.582.462/0001-56,,,,7628657.86,
202506,cda_fi_BLC_2_202506.csv,13.596.279/0001-60,VICTORIA FALLS FI FINANCEIRO - CI MULT CRED PRIV - RESP LIMITADA,Cotas de Fundos,23.964.843/0001-03,,,,142705.29,
202506,cda_fi_BLC_2_202506.csv,13.596.279/0001-60,VICTORIA FALLS FI FINANCEIRO - CI MULT CRED PRIV - RESP LIMITADA,Cotas de Fundos,46.439.664/0001-52,,,,3395885.99,
202506,cda_fi_BLC_2_202506.csv,13.596.279/0001-60,VICTORIA FALLS FI FINANCEIRO - CI MULT CRED PRIV - RESP LIMITADA,Cotas de Fundos,49.628.680/0001-81,,,,388269.82,
202506,cda_fi_BLC_2_202506.csv,13.596.279/0001-60,VICTORIA FALLS FI FINANCEIRO - CI MULT CRED PRIV - RESP LIMITADA,Cotas de Fundos,43.616.501/0001-00,,,,144004.13,
202506,cda_fi_BLC_2_202506.csv,13.596.279/0001-60,VICTORIA FALLS FI FINANCEIRO - CI MULT CRED PRIV - RESP LIMITADA,Cotas de Fundos,49.089.398/0001-73,,,,639909.53,
202506,cda_fi_BLC_2_202506.csv,13.596.279/0001-60,VICTORIA FALLS FI FINANCEIRO - CI MULT CRED PRIV - RESP LIMITADA,Cotas de Fundos,51.853.123/0001-06,,,,1516387.97,
202506,cda_fi_BLC_2_202506.csv,13.596.279/0001-60,VICTORIA FALLS FI FINANCEIRO - CI MULT CRED PRIV - RESP LIMITADA,Cotas de Fundos,11.502.690/0001-01,,,,79855.09,
202506,cda_fi_BLC_2_202506.csv,13.596.279/0001-60,VICTORIA FALLS FI FINANCEIRO - CI MULT CRED PRIV - RESP LIMITADA,Cotas de Fundos,36.182.331/0001-37,,,,263595.85,
202506,cda_fi_BLC_2_202506.csv,13.596.279/0001-60,VICTORIA FALLS FI FINANCEIRO - CI MULT CRED PRIV - RESP LIMITADA,Cotas de Fundos,35.395.563/0001-00,,,,247477.05,
202506,cda_fi_BLC_2_202506.csv,13.596.279/0001-60,VICTORIA FALLS FI FINANCEIRO - CI MULT CRED PRIV - RESP LIMITADA,Cotas de Fundos,14.237.118/0001-42,,,,1224700.68,
202506,cda_fi_BLC_2_202506.csv,13.596.279/0001-60,VICTORIA FALLS FI FINANCEIRO - CI MULT CRED PRIV - RESP LIMITADA,Cotas de Fundos,49.726.793/0001-10,,,,568196.25,
202506,cda_fi_BLC_2_202506.csv,13.596.279/0001-60,VICTORIA FALLS FI FINANCEIRO - CI MULT CRED PRIV - RESP LIMITADA,Cotas de Fundos,42.847.342/0001-91,,,,1212202.56,
202506,cda_fi_BLC_2_202506.csv,13.596.279/0001-60,VICTORIA FALLS FI FINANCEIRO - CI MULT CRED PRIV - RESP LIMITADA,Cotas de Fundos,30.910.553/0001-42,,,,1220935.07,
202506,cda_fi_BLC_2_202506.csv,13.596.279/0001-60,VICTORIA FALLS FI FINANCEIRO - CI MULT CRED PRIV - RESP LIMITADA,Cotas de Fundos,34.617.263/0001-66,,,,1705055.16,
202506,cda_fi_BLC_2_202506.csv,13.596.279/0001-60,VICTORIA FALLS FI FINANCEIRO - CI MULT CRED PRIV - RESP LIMITADA,Cotas de Fundos,22.150.568/0001-21,,,,11676.41,
202506,cda_fi_BLC_2_202506.csv,13.596.279/0001-60,VICTORIA FALLS FI FINANCEIRO - CI MULT CRED PRIV - RESP LIMITADA,Cotas de Fundos,08.915.927/0001-63,,,,4456137.03,
202506,cda_fi_BLC_2_202506.csv,14.171.959/0001-02,G5 VEREDAS FIF - CLASSE DE INVESTIMENTO MULTIMERCADO CRÉDITO PRIVADO - RESPONSABILIDADE LIMITADA,Cotas de Fundos,41.574.762/0001-89,,,,458178.89,
202506,cda_fi_BLC_2_202506.csv,14.171.982/0001-99,G5 CRYSTAL FIF - CLASSE DE INVESTIMENTO MULTIMERCADO CRÉDITO PRIVADO - RESPONSABILIDADE LIMITADA,Cotas de Fundos,41.574.762/0001-89,,,,458178.89,
202506,cda_fi_BLC_2_202506.csv,15.779.618/0001-79,VICTORIA FALLS FUNDO DE INVESTIMENTO MULTIMERCADO INVESTIMENTO NO EXTERIOR,Cotas de Fundos,10.566.011/0001-97,,,,76866050.63,
202506,cda_fi_BLC_2_202506.csv,17.805.726/0001-02,TRIFETA ALTS FUNDO DE INVESTIMENTO MULTIMERCADO CRÉDITO PRIVADO,Cotas de Fundos,55.582.462/0001-56,,,,762865.79,
202506,cda_fi_BLC_2_202506.csv,19.602.018/0001-91,UV CAMBUÍ FUNDO DE INVESTIMENTO MULTIMERCADO,Cotas de Fundos,55.582.462/0001-56,,,,555458.87,
202506,cda_fi_BLC_2_202506.csv,21.053.290/0001-01,G5 PMK FUNDO DE INVESTIMENTO FINANCEIRO MULTIMERCADO CRÉDITO PRIVADO,Cotas de Fundos,41.574.762/0001-89,,,,201598.70,
202506,cda_fi_BLC_2_202506.csv,23.781.425/0001-80,CARDAMOMO FUNDO DE INVESTIMENTO MULTIMERCADO CRÉDITO PRIVADO,Cotas de Fundos,55.582.462/0001-56,,,,762865.79,
202506,cda_fi_BLC_2_202506.csv,23.970.160/0001-69,FN FUNDO DE INVESTIMENTO MULTIMERCADO CRÉDITO PRIVADO,Cotas de Fundos,55.582.462/0001-56,,,,762865.79,
202506,cda_fi_BLC_2_202506.csv,26.253.900/0001-34,INSIGHTS FUNDO DE INVESTIMENTO FINANCEIRO MULTIMERCADO,Cotas de Fundos,55.582.462/0001-56,,,,7628657.86,
202506,cda_fi_BLC_2_202506.csv,26.452.348/0001-03,G5 VIMAFE FUNDO DE INVESTIMENTO MULTIMERCADO,Cotas de Fundos,41.574.762/0001-89,,,,357379.53,
202506,cda_fi_BLC_2_202506.csv,27.477.166/0001-50,G5 CARMEL FUNDO DE INVESTIMENTO FINANCEIRO MULTIMERCADO,Cotas de Fundos,41.574.762/0001-89,,,,229089.44,
202506,cda_fi_BLC_2_202506.csv,28.075.007/0001-91,G5 NICTI FIF - CLASSE DE INVESTIMENTO MULTIMERCADO CRÉDITO PRIVADO - RESPONSABILIDADE LIMITADA,Cotas de Fundos,41.574.762/0001-89,,,,183271.55,
202506,cda_fi_BLC_2_202506.csv,29.242.748/0001-82,G5 CAPITAL FUNDO DE INVESTIMENTO FINANCEIRO MULTIMERCADO,Cotas de Fundos,41.574.762/0001-89,,,,1411190.98,
202506,cda_fi_BLC_2_202506.csv,29.722.489/0001-97,G5 EVOLVE FIF - CLASSE DE INVESTIMENTO MULTIMERCADO CRÉDITO PRIVADO - RESPONSABILIDADE LIMITADA,Cotas de Fundos,41.574.762/0001-89,,,,91635.77,
202506,cda_fi_BLC_2_202506.csv,30.453.289/0001-65,G5 ALLOCATION FUNDO DE INVESTIMENTO FINANCEIRO MULTIMERCADO,Cotas de Fundos,41.574.762/0001-89,,,,2318385.18,
202506,cda_fi_BLC_2_202506.csv,30.556.696/0001-06,G5 UCRÂNIA FIF - CLASSE DE INVESTIMENTO MULTIMERCADO CRÉDITO PRIVADO - RESP LIMITADA,Cotas de Fundos,41.574.762/0001-89,,,,668941.18,
202506,cda_fi_BLC_2_202506.csv,30.618.614/0001-00,G5 ALLOCATION HY DIREITOS CREDITÓRIOS FUNDO DE INVESTIMENTO FINANCEIRO MULTIMERCADO,Cotas de Fundos,41.574.762/0001-89,,,,4884186.97,
202506,cda_fi_BLC_2_202506.csv,32.760.099/0001-16,G5 PITAGORAS FUNDO DE INVESTIMENTO FINANCEIRO MULTIMERCADO,Cotas de Fundos,41.574.762/0001-89,,,,714759.06,
202506,cda_fi_BLC_2_202506.csv,33.498.945/0001-34,G5 HÉRCULES FIF - CLASSE DE INVESTIMENTO MULTIMERCADO CRÉDITO PRIVADO - RESPONSABILIDADE LIMITADA,Cotas de Fundos,41.574.762/0001-89,,,,916357.77,
202506,cda_fi_BLC_2_202506.csv,33.589.389/0001-01,G5 SAMEDAN FUNDO DE INVESTIMENTO FINANCEIRO MULTIMERCADO,Cotas de Fundos,41.574.762/0001-89,,,,2749073.34,
202506,cda_fi_BLC_2_202506.csv,33.769.125/0001-30,REE FIF - CLASSE DE INVESTIMENTO MULT CRED PRIV - RESP LIMITADA,Cotas de Fundos,41.574.762/0001-89,,,,229089.44,
202506,cda_fi_BLC_2_202506.csv,33.769.135/0001-75,G5 GREEN 95 FIF  - CLASSE DE INVESTIMENTO MULTIMERCADO CRED PRIV - RESPONSABILIDADE LIMITADA,Cotas de Fundos,41.574.762/0001-89,,,,265743.75,
202506,cda_fi_BLC_2_202506.csv,34.736.294/0001-36,GALFIC FUNDO DE INVESTIMENTO EM COTAS MULTIMERCADO CRÉDITO PRIVADO,Cotas de Fundos,55.582.462/0001-56,,,,133523.77,
202506,cda_fi_BLC_2_202506.csv,34.831.235/0001-47,UBS 2410 EI FUNDO DE INVESTIMENTO EM COTAS DE FIF - MULTIMERCADO CREDITO PRIVADO RESP LIMITADA,Cotas de Fundos,55.582.462/0001-56,,,,3814328.93,
202506,cda_fi_BLC_2_202506.csv,35.699.184/0001-04,G5 MORE BR FUNDO DE INVESTIMENTO FINANCEIRO,Cotas de Fundos,41.574.762/0001-89,,,,82472.19,
202506,cda_fi_BLC_2_202506.csv,35.820.597/0001-03,HS FUNDO DE INVESTIMENTO MULTIMERCADO CRÉDITO PRIVADO,Cotas de Fundos,55.582.462/0001-56,,,,228770.72,
202506,cda_fi_BLC_2_202506.csv,35.847.519/0001-94,G5 SANTORINI FIF - CLASSE DE INVESTIMENTO MULTIMERCADO CRÉDITO PRIVADO - RESPONSABILIDADE LIMITADA,Cotas de Fundos,41.574.762/0001-89,,,,2510820.32,
202506,cda_fi_BLC_2_202506.csv,35.847.520/0001-19,G5 DIAMOND FI FINANCEIRO - CI MULT CRED PRIV - RESP LIMITADA,Cotas de Fundos,41.574.762/0001-89,,,,852212.74,
202506,cda_fi_BLC_2_202506.csv,36.517.830/0001-38,KANASTRO FIF - CLASSE DE INVESTIMENTO MULTIMERCADO CRÉDITO PRIVADO,Cotas de Fundos,41.574.762/0001-89,,,,91635.77,
202506,cda_fi_BLC_2_202506.csv,37.351.324/0001-84,G5 KENDERA FUNDO DE INVESTIMENTO FINANCEIRO MULTIMERCADO,Cotas de Fundos,41.574.762/0001-89,,,,274907.33,
202506,cda_fi_BLC_2_202506.csv,37.750.625/0001-80,G5 ARUBA FIF - CLASSE DE INVESTIMENTO MULTIMERCADO CRÉDITO PRIVADO - RESP LIMITADA,Cotas de Fundos,41.574.762/0001-89,,,,219925.87,
202506,cda_fi_BLC_2_202506.csv,37.750.727/0001-04,G5 BMF FIF - CLASSE DE INVESTIMENTO MULTIMERCADO CRÉDITO PRIVADO - RESPONSABILIDADE LIMITADA,Cotas de Fundos,41.574.762/0001-89,,,,201598.70,
202506,cda_fi_BLC_2_202506.csv,40.054.269/0001-75,G5 ICELAND 95 FUNDO DE INVESTIMENTO FINANCEIRO MULTIMERCADO,Cotas de Fundos,41.574.762/0001-89,,,,778904.11,
202506,cda_fi_BLC_2_202506.csv,40.319.284/0001-06,IKKI FUNDO DE INVESTIMENTO EM AÇÕES,Cotas de Fundos,55.582.462/0001-56,,,,381877.97,
202506,cda_fi_BLC_2_202506.csv,40.526.801/0001-00,PATAGONIA FUNDO DE INVESTIMENTO EM AÇÕES,Cotas de Fundos,55.582.462/0001-56,,,,3814328.93,
202506,cda_fi_BLC_2_202506.csv,40.886.133/0001-21,G5 TOKYO FUNDO DE INVESTIMENTO FINANCEIRO - CLASSE DE INVESTIMENTO MULTIMERCADO CRÉDITO PRIVADO,Cotas de Fundos,41.574.762/0001-89,,,,448964.53,
202506,cda_fi_BLC_2_202506.csv,41.574.762/0001-89,G5 F ITAMINAS MINÉRIOS FUNDO DE INVESTIMENTO FINANCEIRO MULTIMERCADO,Cotas de Fundos,60.715.887/0001-26,,,,45276038.94,
202506,cda_fi_BLC_2_202506.csv,42.591.748/0001-56,REEF 1 FUNDO DE INVESTIMENTO EM AÇÕES,Cotas de Fundos,55.582.462/0001-56,,,,1144743.76,
202506,cda_fi_BLC_2_202506.csv,43.105.306/0001-15,TIGER FUNDO DE INVESTIMENTO EM AÇÕES,Cotas de Fundos,55.582.462/0001-56,,,,3560633.77,
202506,cda_fi_BLC_2_202506.csv,43.861.439/0001-11,RR CAPITAL FUNDO DE INVESTIMENTO MULTIMERCADO CRÉDITO PRIVADO,Cotas de Fundos,55.582.462/0001-56,,,,381877.97,
202506,cda_fi_BLC_2_202506.csv,44.409.366/0001-94,SOPHOS  FUNDO DE INVESTIMENTO EM AÇÕES,Cotas de Fundos,55.582.462/0001-56,,,,6866682.23,
202506,cda_fi_BLC_2_202506.csv,44.409.442/0001-61,HNC RV FUNDO DE INVESTIMENTO EM AÇÕES,Cotas de Fundos,55.582.462/0001-56,,,,1144743.76,
202506,cda_fi_BLC_2_202506.csv,44.434.841/0001-82,WHG ROSEFIELD FUNDO DE INVESTIMENTO MULTIMERCADO CRÉDITO PRIVADO,Cotas de Fundos,55.582.462/0001-56,,,,381877.97,
202506,cda_fi_BLC_2_202506.csv,44.702.955/0001-66,G5 LIBERTY FIF - CLASSE DE INVESTIMENTO MULTIMERCADO CRÉDITO PRIVADO - RESPONSABILIDADE LIMITADA,Cotas de Fundos,41.574.762/0001-89,,,,1402027.40,
202506,cda_fi_BLC_2_202506.csv,44.703.088/0001-83,G5 QUEBEC FI FINANCEIRO - CI MULT CRED PRIV - RESP LIMITADA,Cotas de Fundos,41.574.762/0001-89,,,,916357.77,
202506,cda_fi_BLC_2_202506.csv,44.703.116/0001-62,G5 CRESCER FIF - CLASSE DE INVESTIMENTO MULTIMERCADO CRÉDITO PRIVADO - RESPONSABILIDADE LIMITADA,Cotas de Fundos,41.574.762/0001-89,,,,632286.87,
202506,cda_fi_BLC_2_202506.csv,44.814.776/0001-10,STONES FUNDO DE INVESTIMENTO MULTIMERCADO CRÉDITO PRIVADO,Cotas de Fundos,55.582.462/0001-56,,,,1907609.54,
202506,cda_fi_BLC_2_202506.csv,45.087.117/0001-92,WHG YYZ FUNDO DE INVESTIMENTO MULTIMERCADO CRÉDITO PRIVADO,Cotas de Fundos,55.582.462/0001-56,,,,152217.09,
202506,cda_fi_BLC_2_202506.csv,45.383.950/0001-80,G5 CANITHIZE FIF - CLASSE DE INVESTIMENTO MULTIMERCADO CRÉDITO PRIVADO - RESPONSABILIDADE LIMITADA,Cotas de Fundos,41.574.762/0001-89,,,,274907.33,
202506,cda_fi_BLC_2_202506.csv,45.653.017/0001-86,G5 AUSTIN FUNDO DE INVESTIMENTO FINANCEIRO MULTIMERCADO,Cotas de Fundos,41.574.762/0001-89,,,,183271.55,
202506,cda_fi_BLC_2_202506.csv,46.405.903/0001-53,G5 SEBRING FIF - CLASSE DE INVESTIMENTO MULTIMERCADO CRÉDITO PRIVADO - RESPONSABILIDADE LIMITADA,Cotas de Fundos,41.574.762/0001-89,,,,183271.55,
202506,cda_fi_BLC_2_202506.csv,46.473.495/0001-77,G5 ARTHA FUNDO DE INVESTIMENTO FINANCEIRO EM AÇÕES,Cotas de Fundos,41.574.762/0001-89,,,,916357.77,
202506,cda_fi_BLC_2_202506.csv,48.983.269/0001-61,G5 COSTA AZUL FUNDO DE INVESTIMENTO FINANCEIRO MULTIMERCADO,Cotas de Fundos,41.574.762/0001-89,,,,916357.77,
202506,cda_fi_BLC_2_202506.csv,49.786.584/0001-61,VG INVESTMENTS ALTS FUNDO DE INVESTIMENTO MULTIMERCADO CRÉDITO PRIVADO,Cotas de Fundos,55.582.462/0001-56,,,,762865.79,
202506,cda_fi_BLC_2_202506.csv,49.894.184/0001-70,G5 FLORENÇA II FUNDO DE INVESTIMENTO FINANCEIRO MULTIMERCADO,Cotas de Fundos,41.574.762/0001-89,,,,137453.66,
202506,cda_fi_BLC_2_202506.csv,50.059.996/0001-89,SAPUCAI FEEDER ESTRUTURADO FUNDO DE INVESTIMENTO MULTIMERCADO CRÉDITO PRIVADO,Cotas de Fundos,55.582.462/0001-56,,,,2447935.72,
202506,cda_fi_BLC_2_202506.csv,50.122.424/0001-05,G5 FLORENÇA FUNDO DE INVESTIMENTO FINANCEIRO MULTIMERCADO,Cotas de Fundos,41.574.762/0001-89,,,,137453.66,
202506,cda_fi_BLC_2_202506.csv,50.520.657/0001-58,MWATT FUNDO DE INVESTIMENTO EM AÇÕES,Cotas de Fundos,55.582.462/0001-56,,,,381877.97,
202506,cda_fi_BLC_2_202506.csv,51.973.061/0001-76,PRUDENS FUNDO DE INVESTIMENTO EM AÇÕES,Cotas de Fundos,55.582.462/0001-56,,,,762865.79,
202506,cda_fi_BLC_2_202506.csv,52.562.412/0001-19,HP ALTS FUNDO DE INVESTIMENTO MULTIMERCADO CRÉDITO PRIVADO,Cotas de Fundos,55.582.462/0001-56,,,,3560633.77,
202506,cda_fi_BLC_2_202506.csv,52.921.843/0001-24,SUNSHINE ALTS FUNDO DE INVESTIMENTO MULTIMERCADO CRÉDITO PRIVADO,Cotas de Fundos,55.582.462/0001-56,,,,572371.88,
202506,cda_fi_BLC_2_202506.csv,53.113.637/0001-50,LIBERO 2 ESTRUTURADO FUNDO DE INVESTIMENTO MULTIMERCADO CRÉDITO PRIVADO,Cotas de Fundos,55.582.462/0001-56,,,,4348423.99,
202506,cda_fi_BLC_2_202506.csv,53.162.920/0001-72,SERRAZUL ESTRUTURADO FF FUNDO DE INVESTIMENTO MULTIMERCADO CRÉDITO PRIVADO,Cotas de Fundos,55.582.462/0001-56,,,,356063.38,
202506,cda_fi_BLC_2_202506.csv,53.163.164/0001-04,SERRAZUL ESTRUTURADO FUNDO DE INVESTIMENTO MULTIMERCADO CRÉDITO PRIVADO,Cotas de Fundos,55.582.462/0001-56,,,,2288597.36,
202506,cda_fi_BLC_2_202506.csv,53.163.434/0001-79,SERRAZUL ESTRUTURADO CF FUNDO DE INVESTIMENTO MULTIMERCADO CRÉDITO PRIVADO,Cotas de Fundos,55.582.462/0001-56,,,,572371.88,
202506,cda_fi_BLC_2_202506.csv,53.163.891/0001-63,GC BRASIL 95 ESTRUTURADO FUNDO DE INVESTIMENTO MULTIMERCADO CRÉDITO PRIVADO,Cotas de Fundos,55.582.462/0001-56,,,,3814328.93,
202506,cda_fi_BLC_2_202506.csv,53.215.975/0001-01,PERINDENS 95 ESTRUTURADO FUNDO DE INVESTIMENTO MULTIMERCADO CRÉDITO PRIVADO,Cotas de Fundos,55.582.462/0001-56,,,,3814328.93,
202506,cda_fi_BLC_2_202506.csv,53.775.644/0001-18,ESFERA FUNDO DE INVESTIMENTO MULTIMERCADO CRÉDITO PRIVADO,Cotas de Fundos,55.582.462/0001-56,,,,2288597.36,
202506,cda_fi_BLC_2_202506.csv,54.486.187/0001-04,CFM ESTRUTURADO FUNDO DE INVESTIMENTO MULTIMERCADO CRÉDITO PRIVADO,Cotas de Fundos,55.582.462/0001-56,,,,1525731.57,
202506,cda_fi_BLC_2_202506.csv,54.486.405/0001-00,FFM ESTRUTURADO FUNDO DE INVESTIMENTO MULTIMERCADO CRÉDITO PRIVADO,Cotas de Fundos,55.582.462/0001-56,,,,381877.97,
202506,cda_fi_BLC_2_202506.csv,54.486.644/0001-60,JSP ESTRUTURADO FUNDO DE INVESTIMENTO MULTIMERCADO CRÉDITO PRIVADO,Cotas de Fundos,55.582.462/0001-56,,,,1144743.76,
202506,cda_fi_BLC_2_202506.csv,54.486.743/0001-42,MRAVP ESTRUTURADO FUNDO DE INVESTIMENTO MULTIMERCADO CRÉDITO PRIVADO,Cotas de Fundos,55.582.462/0001-56,,,,2288597.36,
202506,cda_fi_BLC_2_202506.csv,54.486.870/0001-41,ANPES ESTRUTURADO FUNDO DE INVESTIMENTO MULTIMERCADO CRÉDITO PRIVADO,Cotas de Fundos,55.582.462/0001-56,,,,1754502.29,
202506,cda_fi_BLC_2_202506.csv,54.862.828/0001-88,MATA RICA ALTS FUNDO DE INVESTIMENTO FINANCEIRO MULTIMERCADO CRÉDITO PRIVADO,Cotas de Fundos,55.582.462/0001-56,,,,762865.79,
202506,cda_fi_BLC_2_202506.csv,55.253.302/0001-63,DMAIS8 RV FUNDO DE INVESTIMENTO MULTIMERCADO CRÉDITO PRIVADO,Cotas de Fundos,55.582.462/0001-56,,,,762865.79,
202506,cda_fi_BLC_2_202506.csv,55.508.066/0001-89,PREDA 2 FUNDO DE INVESTIMENTO EM AÇÕES,Cotas de Fundos,55.582.462/0001-56,,,,1144743.76,
202506,cda_fi_BLC_2_202506.csv,55.582.462/0001-56,WHG PCS II ITAMINAS FUNDO DE INVESTIMENTO MULTIMERCADO CRÉDITO PRIVADO,Cotas de Fundos,60.715.887/0001-26,,,,144883324.68,
202506,cda_fi_BLC_2_202506.csv,55.582.462/0001-56,WHG PCS II ITAMINAS FUNDO DE INVESTIMENTO MULTIMERCADO CRÉDITO PRIVADO,Cotas de Fundos,37.525.998/0001-58,,,,1037235.89,
202506,cda_fi_BLC_2_202506.csv,55.761.575/0001-19,G5 STUTTGART FUNDO DE INVESTIMENTO EM AÇÕES,Cotas de Fundos,41.574.762/0001-89,,,,366543.11,
202506,cda_fi_BLC_2_202506.csv,55.825.849/0001-96,G5 MARINA BAY 95 FUNDO DE INVESTIMENTO MULTIMERCADO,Cotas de Fundos,41.574.762/0001-89,,,,760576.96,
202506,cda_fi_BLC_2_202506.csv,57.270.020/0001-08,1295 ESTRUTURADO FUNDO DE INVESTIMENTO MULTIMERCADO CRÉDITO PRIVADO,Cotas de Fundos,55.582.462/0001-56,,,,3814328.93,
202506,cda_fi_BLC_2_202506.csv,57.541.842/0001-78,VILLAGE RV FUNDO DE INVESTIMENTO MULTIMERCADO CRÉDITO PRIVADO,Cotas de Fundos,55.582.462/0001-56,,,,457541.44,
202506,cda_fi_BLC_2_202506.csv,57.717.000/0001-24,MCL B FUNDO DE INVESTIMENTO MULTIMERCADO CRÉDITO PRIVADO,Cotas de Fundos,53.263.484/0001-28,,,,0.00,
202506,cda_fi_BLC_2_202506.csv,58.114.787/0001-00,SERRAZUL ESTRUTURADO VF FUNDO DE INVESTIMENTO MULTIMERCADO CRÉDITO PRIVADO,Cotas de Fundos,55.582.462/0001-56,,,,356063.38,
202506,cda_fi_BLC_2_202506.csv,58.114.949/0001-00,MANDACARU II FUNDO DE INVESTIMENTO MULTIMERCADO CRÉDITO PRIVADO,Cotas de Fundos,55.582.462/0001-56,,,,763755.94,
202506,cda_fi_BLC_2_202506.csv,58.140.467/0001-17,G5 MAKTUB I FIF - CLASSE DE INVESTIMENTO MULTIMERCADO CRÉDITO PRIVADO - RESPONSABILIDADE LIMITADA,Cotas de Fundos,41.574.762/0001-89,,,,916357.77,
202506,cda_fi_BLC_2_202506.csv,58.377.889/0001-00,G5 ARB FIF - CLASSE DE INVESTIMENTO MULTIMERCADO CRÉDITO PRIVADO RESP LIMITADA,Cotas de Fundos,41.574.762/0001-89,,,,733086.23,
202506,cda_fi_BLC_4_202506.csv,13.596.279/0001-60,VICTORIA FALLS FI FINANCEIRO - CI MULT CRED PRIV - RESP LIMITADA,Debêntures,,,DEB,,573838.18,
202506,cda_fi_BLC_4_202506.csv,13.596.279/0001-60,VICTORIA FALLS FI FINANCEIRO - CI MULT CRED PRIV - RESP LIMITADA,Debêntures,,,DEB,,227934.97,
202506,cda_fi_BLC_4_202506.csv,13.596.279/0001-60,VICTORIA FALLS FI FINANCEIRO - CI MULT CRED PRIV - RESP LIMITADA,Debêntures,,,DEB,,184859.43,
202506,cda_fi_BLC_4_202506.csv,13.596.279/0001-60,VICTORIA FALLS FI FINANCEIRO - CI MULT CRED PRIV - RESP LIMITADA,Debêntures,,,DEB,,161230.75,
202506,cda_fi_BLC_4_202506.csv,13.596.279/0001-60,VICTORIA FALLS FI FINANCEIRO - CI MULT CRED PRIV - RESP LIMITADA,Debêntures,,,DEB,,202476.69,
202506,cda_fi_BLC_4_202506.csv,13.596.279/0001-60,VICTORIA FALLS FI FINANCEIRO - CI MULT CRED PRIV - RESP LIMITADA,Debêntures,,,DEB,,21060.99,
202506,cda_fi_BLC_5_202506.csv,13.596.279/0001-60,VICTORIA FALLS FI FINANCEIRO - CI MULT CRED PRIV - RESP LIMITADA,Depósitos a prazo e outros títulos de IF,,,,ABC BRASIL,159069.90,
202506,cda_fi_BLC_5_202506.csv,13.596.279/0001-60,VICTORIA FALLS FI FINANCEIRO - CI MULT CRED PRIV - RESP LIMITADA,Depósitos a prazo e outros títulos de IF,,,,NU FINANCEIRA S,173748.30,
202506,cda_fi_BLC_5_202506.csv,13.596.279/0001-60,VICTORIA FALLS FI FINANCEIRO - CI MULT CRED PRIV - RESP LIMITADA,Depósitos a prazo e outros títulos de IF,,,,HAITONG BB,295811.61,
202506,cda_fi_BLC_8_202506.csv,13.596.279/0001-60,VICTORIA FALLS FI FINANCEIRO - CI MULT CRED PRIV - RESP LIMITADA,Disponibilidades,,,Disponibilidade,,1000.00,
202506,cda_fi_BLC_8_202506.csv,13.596.279/0001-60,VICTORIA FALLS FI FINANCEIRO - CI MULT CRED PRIV - RESP LIMITADA,Valores a pagar,,,Valores a Pagar,,11061.58,
202506,cda_fi_BLC_8_202506.csv,13.596.279/0001-60,VICTORIA FALLS FI FINANCEIRO - CI MULT CRED PRIV - RESP LIMITADA,Valores a receber,,,Valores a Receber,,14090.45,
202506,cda_fi_BLC_8_202506.csv,15.779.618/0001-79,VICTORIA FALLS FUNDO DE INVESTIMENTO MULTIMERCADO INVESTIMENTO NO EXTERIOR,Disponibilidades,,,Disponibilidade,,11890.98,
202506,cda_fi_BLC_8_202506.csv,15.779.618/0001-79,VICTORIA FALLS FUNDO DE INVESTIMENTO MULTIMERCADO INVESTIMENTO NO EXTERIOR,Valores a pagar,,,Valores a Pagar,,14010.34,
202506,cda_fi_BLC_8_202506.csv,15.779.618/0001-79,VICTORIA FALLS FUNDO DE INVESTIMENTO MULTIMERCADO INVESTIMENTO NO EXTERIOR,Valores a receber,,,Valores a Receber,,0.00,
202506,cda_fi_BLC_8_202506.csv,41.574.762/0001-89,G5 F ITAMINAS MINÉRIOS FUNDO DE INVESTIMENTO FINANCEIRO MULTIMERCADO,Disponibilidades,,,CONTA CORRENTE,,999999.35,
202506,cda_fi_BLC_8_202506.csv,41.574.762/0001-89,G5 F ITAMINAS MINÉRIOS FUNDO DE INVESTIMENTO FINANCEIRO MULTIMERCADO,Valores a pagar,,,VALORES A PAGAR,,21.74,
202506,cda_fi_BLC_8_202506.csv,55.582.462/0001-56,WHG PCS II ITAMINAS FUNDO DE INVESTIMENTO MULTIMERCADO CRÉDITO PRIVADO,Disponibilidades,,,Disponibilidade,,2000.00,
202506,cda_fi_BLC_8_202506.csv,55.582.462/0001-56,WHG PCS II ITAMINAS FUNDO DE INVESTIMENTO MULTIMERCADO CRÉDITO PRIVADO,Valores a pagar,,,Valores a Pagar,,40724.48,
202506,cda_fi_BLC_8_202506.csv,57.717.000/0001-24,MCL B FUNDO DE INVESTIMENTO MULTIMERCADO CRÉDITO PRIVADO,Disponibilidades,,,Disponibilidade,,0.00,
202506,cda_fi_BLC_8_202506.csv,57.717.000/0001-24,MCL B FUNDO DE INVESTIMENTO MULTIMERCADO CRÉDITO PRIVADO,Valores a pagar,,,Valores a Pagar,,0.00,
202506,cda_fi_BLC_8_202506.csv,57.717.000/0001-24,MCL B FUNDO DE INVESTIMENTO MULTIMERCADO CRÉDITO PRIVADO,Valores a receber,,,Valores a Receber,,35443.62,
202506,cda_fi_BLC_8_202506.csv,10.566.011/0001-97,VICTORIA FALLS FUNDO DE INVESTIMENTO EM PARTICIPAÇÕES MULTIESTRATEGIA INVESTIMENTO NO EXTERIOR,Disponibilidades,,,Participacao/5W PARTICIPACOES LTD,Participacao/5W PARTICIPACOES LTD,2654910.79,
202506,cda_fi_BLC_8_202506.csv,10.566.011/0001-97,VICTORIA FALLS FUNDO DE INVESTIMENTO EM PARTICIPAÇÕES MULTIESTRATEGIA INVESTIMENTO NO EXTERIOR,Disponibilidades,,,Participacao/PARTICIP TAQUARIL,Participacao/PARTICIP TAQUARIL,33865200.01,
202506,cda_fi_BLC_8_202506.csv,10.566.011/0001-97,VICTORIA FALLS FUNDO DE INVESTIMENTO EM PARTICIPAÇÕES MULTIESTRATEGIA INVESTIMENTO NO EXTERIOR,Disponibilidades,,,Disponibilidade,,914.73,
202506,cda_fi_BLC_8_202506.csv,10.566.011/0001-97,VICTORIA FALLS FUNDO DE INVESTIMENTO EM PARTICIPAÇÕES MULTIESTRATEGIA INVESTIMENTO NO EXTERIOR,Disponibilidades,,,Participacao/HEALTHY FOR ALL INVE,Participacao/HEALTHY FOR ALL INVE,3578814.19,
202506,cda_fi_BLC_8_202506.csv,10.566.011/0001-97,VICTORIA FALLS FUNDO DE INVESTIMENTO EM PARTICIPAÇÕES MULTIESTRATEGIA INVESTIMENTO NO EXTERIOR,Disponibilidades,,,Participacao/TROPICAL,Participacao/TROPICAL,36787000.00,
202506,cda_fi_BLC_8_202506.csv,10.566.011/0001-97,VICTORIA FALLS FUNDO DE INVESTIMENTO EM PARTICIPAÇÕES MULTIESTRATEGIA INVESTIMENTO NO EXTERIOR,Valores a pagar,,,Valores a Pagar,,28616247.51,
202506,cda_fi_BLC_8_202506.csv,10.566.011/0001-97,VICTORIA FALLS FUNDO DE INVESTIMENTO EM PARTICIPAÇÕES MULTIESTRATEGIA INVESTIMENTO NO EXTERIOR,Valores a receber,,,Valores a Receber,,28595458.45,
202506,cda_fi_PL_202506.csv,13.596.279/0001-60,VICTORIA FALLS FI FINANCEIRO - CI MULT CRED PRIV - RESP LIMITADA,,,,,,,
202506,cda_fi_PL_202506.csv,15.779.618/0001-79,VICTORIA FALLS FUNDO DE INVESTIMENTO MULTIMERCADO INVESTIMENTO NO EXTERIOR,,,,,,,
202506,cda_fi_PL_202506.csv,41.574.762/0001-89,G5 F ITAMINAS MINÉRIOS FUNDO DE INVESTIMENTO FINANCEIRO MULTIMERCADO,,,,,,,
202506,cda_fi_PL_202506.csv,55.582.462/0001-56,WHG PCS II ITAMINAS FUNDO DE INVESTIMENTO MULTIMERCADO CRÉDITO PRIVADO,,,,,,,
202506,cda_fi_PL_202506.csv,57.717.000/0001-24,MCL B FUNDO DE INVESTIMENTO MULTIMERCADO CRÉDITO PRIVADO,,,,,,,
202506,cda_fi_PL_202506.csv,10.566.011/0001-97,VICTORIA FALLS FUNDO DE INVESTIMENTO EM PARTICIPAÇÕES MULTIESTRATEGIA INVESTIMENTO NO EXTERIOR,,,,,,,
